cod,peso,n,aioe,pct_mesmo_grupo,pct_outro_grupo,pct_desocupado,pct_fora_da_forca,pct_informalizou,periodo,nome,grande_grupo,nome_grande_grupo
1211,859111.10126123,1384,1.446232,54.69246773883067,43.48215467267618,0.5179696812946849,1.3074079071984723,8.244051377199183,pos,Dirigentes financeiros,1,Diretores e gerentes
2120,107504.7478183,140,1.4396134,75.12995658925765,20.629330006554174,0.557786748671913,3.6829266555162437,6.666523446988257,pos,"Matemáticos, atuários e estatísticos",2,Profissionais das ciências e intelectuais
2619,1365759.48415379,2953,1.431593,74.17884738444268,23.556731764860263,0.48677774617542585,1.7776431045216332,7.767477394116811,pos,Profissionais em direito não classificados anteriormente,2,Profissionais das ciências e intelectuais
2411,4642770.39966591,8512,1.426218,76.61277185808737,20.9682880833778,0.7632177334127513,1.655722325122078,6.030246920970879,pos,Contadores,2,Profissionais das ciências e intelectuais
2413,1592634.50480179,2061,1.4173156666666666,64.30631181294736,32.805354832968725,1.2661948504022562,1.6221385036816547,4.458802665733863,pos,Analistas financeiros,2,Profissionais das ciências e intelectuais
2634,3290714.5191155,5706,1.4162299999999999,90.94808500976166,5.62512862414372,0.8163851533400136,2.610401212754609,18.89672469067451,pos,Psicólogos,2,Profissionais das ciências e intelectuais
2631,224412.99646006,375,1.403764,72.75664482517108,24.684484005019634,0.9696317903560623,1.589239379453241,6.735322791687668,pos,Economistas,2,Profissionais das ciências e intelectuais
2412,191109.95449829,298,1.390682,64.40919046291134,30.243032449614503,2.7854009174434857,2.5623761700306673,16.63230198535153,pos,Assessores financeiros e em investimentos,2,Profissionais das ciências e intelectuais
3312,370976.07341765,602,1.38556,46.49891822905675,47.903390626507225,2.6607081437481335,2.936983000687899,3.6374871349462783,pos,Agentes de empréstimos e financiamento,3,Técnicos e profissionais de nível médio
3352,264430.93002908997,539,1.36682,71.85410475213413,27.04779443173086,0.22909251894641858,0.8690082971885832,2.95720207270146,pos,Agentes da administração tributária,3,Técnicos e profissionais de nível médio
2421,4006058.17160751,6338,1.3648600000000002,54.63350824925768,42.50133492806805,0.9871624387285536,1.8779943839457198,6.892813731809344,pos,Analistas de gestão e administração,2,Profissionais das ciências e intelectuais
4416,471913.11141591,697,1.353098,59.70535807668228,34.17325509303136,3.102391762523526,3.0189950677628348,5.376720582464891,pos,Trabalhadores do serviço de pessoal,4,Apoio administrativo
2143,231189.33452631,482,1.343561,79.75294051227159,18.408597449247726,0.9143937688985304,0.9240682695821518,5.613240679231457,pos,Engenheiros de meio ambiente,2,Profissionais das ciências e intelectuais
2265,1249116.66406969,2347,1.342809,86.25218898313283,8.075836552342437,1.8827305799144118,3.7892438846103182,11.745552978582705,pos,Dietistas e nutricionistas,2,Profissionais das ciências e intelectuais
2145,265248.38545043,400,1.341336,74.55817794112845,22.527984412396908,1.4167616896211477,1.497075956853495,1.5438131051588486,pos,Engenheiros químicos,2,Profissionais das ciências e intelectuais
2611,8553033.6823807,14718,1.328783,89.33300816565428,7.6804390709313095,0.7335891390020446,2.252963624412367,18.58223552675154,pos,Advogados e juristas,2,Profissionais das ciências e intelectuais
3321,1462150.90197965,2159,1.3280349999999999,69.36030204082705,26.086228771131715,1.4042669721678591,3.149202215873371,11.771648897236725,pos,Agentes de seguros,3,Técnicos e profissionais de nível médio
3324,106537.75472637,222,1.3259693333333333,45.62510308500906,49.13952516945418,0.6343714031864719,4.601000342350289,12.417127372898962,pos,Corretores de comercialização,3,Técnicos e profissionais de nível médio
2351,3017459.81488513,6251,1.301855,79.89568924422812,16.6029041286907,1.08902513876952,2.4123814883116648,5.911998184211905,pos,Especialistas em métodos pedagógicos,2,Profissionais das ciências e intelectuais
1212,1101474.15009239,1801,1.3010249999999999,47.16514076739709,49.78723423916842,0.798871415775275,2.2487535776592087,4.192138420739903,pos,Dirigentes de recursos humanos,1,Diretores e gerentes
4227,164179.7482502,371,1.297031,54.18978621630407,27.878883643711955,6.585738142912832,11.345591997071148,20.24603126577632,pos,Entrevistadores de pesquisas de mercado,4,Apoio administrativo
1222,166426.69877956,223,1.294038,40.77306891995566,55.80678766731071,1.4408823780478845,1.9792610346857482,7.33399900801189,pos,Dirigentes de publicidade e relações públicas,1,Diretores e gerentes
1221,3341579.53521994,4970,1.290656,60.91737574239991,36.403979871907424,0.8955103286111094,1.7831340570815564,5.50203789456509,pos,Dirigentes de vendas e  comercialização,1,Diretores e gerentes
3311,890254.73721621,1478,1.2862464999999998,46.10745123120789,50.21945257031765,1.360357030338627,2.3127391681358365,3.808164037033958,pos,"Agentes e corretores de bolsa, câmbio e outros serviços financeiros",3,Técnicos e profissionais de nível médio
2432,286240.29494787,510,1.284927,56.755696389782706,38.73502962666536,2.039539901478148,2.469734082073787,7.382297987614583,pos,Profissionais de relações públicas,2,Profissionais das ciências e intelectuais
2521,286830.29878405,357,1.284863,79.93857768957616,18.177434123651427,1.474614179778418,0.40937400699400706,2.8430363715866758,pos,Desenhistas e administradores de bases de dados,2,Profissionais das ciências e intelectuais
2142,2435502.65529387,4261,1.282867,77.80143029662298,18.953754392294574,1.1465347108384392,2.0982806002440126,12.165279884815272,pos,Engenheiros civis,2,Profissionais das ciências e intelectuais
2423,1999513.16241401,3037,1.277449425,56.71774033844999,39.34472114206121,1.6615659342894873,2.2759725851993013,4.265037005666267,pos,Especialistas em políticas e serviços de pessoal e afins,2,Profissionais das ciências e intelectuais
4312,1070048.92252714,1736,1.2729534,54.550300269715244,42.66336352752974,0.9340447978474059,1.8522914049076058,2.238519534494897,pos,"Trabalhadores de serviços estatísticos, financeiros e de seguros",4,Apoio administrativo
2514,603172.03259692,929,1.271506,77.67766044149457,19.9070698388386,0.920745286518361,1.4945244331484595,7.3905766048753305,pos,Programadores de aplicações,2,Profissionais das ciências e intelectuais
1342,518131.69514016,1018,1.260259,49.23981744611089,47.33403299809635,1.3487205570654799,2.077428998727286,6.589447161126886,pos,Dirigentes de serviços de saúde,1,Diretores e gerentes
4313,206325.75244976,360,1.257632,62.79330469191267,32.48175938708564,2.7987026694819885,1.9262332515197087,2.910076879148053,pos,Trabalhadores encarregados de folha de pagamento,4,Apoio administrativo
4214,523869.56110606,878,1.257279,69.31884028459834,24.06291267897797,2.652753825531309,3.9654932108923804,6.178988656395571,pos,Cobradores e afins,4,Apoio administrativo
2636,892308.39127197,1950,1.2467405,79.33871021539821,11.604366078134335,0.5932751901467583,8.463648516320688,38.43245035564488,pos,"Ministros de cultos religiosos, missionários e afins",2,Profissionais das ciências e intelectuais
2512,1583535.57595742,2332,1.2421155,83.33880943919225,14.344531198314117,1.4043543604411146,0.9123050020525252,5.702705606472792,pos,Desenvolvedores de programas e aplicativos (software),2,Profissionais das ciências e intelectuais
2529,153310.08954528,175,1.2414255,63.92271458496007,35.059155269899364,0.0,1.0181301451405593,5.815008479634213,pos,Especialistas em base de dados e em redes de computadores não classificados anteriormente,2,Profissionais das ciências e intelectuais
2310,2573764.44516745,5178,1.2398400742857143,92.89051134885791,3.920861295601563,0.47284562850532674,2.715781727035196,4.493154339190667,pos,Professores de universidades e do ensino superior,2,Profissionais das ciências e intelectuais
4110,33787884.13702676,65011,1.2383682999999999,68.46862563631018,25.818045540121226,1.894080269316144,3.8192485542524452,5.631888530595442,pos,Escriturários gerais,4,Apoio administrativo
4323,1136683.22013507,1491,1.234523,52.23517199543968,42.20589409692044,2.670826265038549,2.8881076426013492,3.3808408257627276,pos,Trabalhadores de serviços de transporte,4,Apoio administrativo
2519,168929.11486481,208,1.232705,70.49962811013454,26.711176069905758,2.7891958199597204,0.0,1.7782701150897202,pos,Desenvolvedores e analistas de programas e aplicativos (software) e multimídia não classificados anteriormente,2,Profissionais das ciências e intelectuais
2164,50871.15908242,89,1.227516,73.76198290230161,23.37841070314531,0.0,2.8596063945530905,8.324386513375524,pos,Urbanistas e engenheiros de trânsito,2,Profissionais das ciências e intelectuais
4229,1068759.98145997,1964,1.226286,79.76710745126582,15.006562887041422,1.5382260504957017,3.68810361119706,5.770160106989199,pos,Trabalhadores de serviços de informação ao cliente não classificados anteriormente,4,Apoio administrativo
2643,199736.61178935,297,1.2196835,75.69118659954131,14.454449751619578,4.690269579591661,5.164094069247441,13.766109844957699,pos,"Tradutores, intérpretes e linguistas",2,Profissionais das ciências e intelectuais
3339,1364915.6051468,2252,1.2082368571428572,40.715784099749676,53.63989134582757,2.352467560589644,3.291856993833103,15.741173253338138,pos,Agentes de serviços comerciais não classificados anteriormente,3,Técnicos e profissionais de nível médio
2431,3684171.55925921,5334,1.2073422,64.68902892680785,30.143962700914734,1.8416504391338056,3.325357933143621,11.412470049209748,pos,Profissionais da publicidade e da comercialização,2,Profissionais das ciências e intelectuais
2356,92365.99969384,171,1.198409,57.46031587467157,35.51841108758586,3.813410859470498,3.2078621782720704,7.199555622426522,pos,Instrutores em tecnologias da informação,2,Profissionais das ciências e intelectuais
2424,203069.65761957,282,1.198409,60.275166769096664,36.79229968621791,0.8950272657300692,2.037506278955348,10.112075123160126,pos,Especialistas em formação de pessoal,2,Profissionais das ciências e intelectuais
2330,6269621.22387538,12722,1.191325,92.47005513434885,4.984199371244172,0.5551192382610479,1.9906262561459338,6.845877571511476,pos,Professores do ensino médio,2,Profissionais das ciências e intelectuais
4311,2454513.07268771,4088,1.1866020000000002,66.8161102427062,29.85231647127965,0.9084271804933539,2.4231461055207757,2.862106387239015,pos,Trabalhadores de contabilidade e cálculo de custos,4,Apoio administrativo
2632,38633.45331031,96,1.1813298333333333,61.07376472490513,32.58685258484039,2.226591943635499,4.112790746618987,10.199729902238255,pos,"Sociólogos, antropólogos e afins",2,Profissionais das ciências e intelectuais
2511,3637910.9585875,5140,1.1762095000000001,77.81248918750599,19.90683296607448,0.9815026781671579,1.2991751682523582,4.832886910703277,pos,Analistas de sistemas,2,Profissionais das ciências e intelectuais
2642,1795649.90389595,2997,1.1574499999999999,69.26924520700938,23.33316537468634,2.319339913198397,5.078249505105867,13.417299400784456,pos,Jornalistas,2,Profissionais das ciências e intelectuais
2359,2033513.63147921,4179,1.1496293499999999,60.704821292790434,22.265621222527283,4.3363121775872795,12.693245307095014,24.29549479050029,pos,Profissionais de ensino não classificados anteriormente,2,Profissionais das ciências e intelectuais
3344,635386.49382407,1188,1.140286,51.8661167024807,43.19884039639398,1.6129086264393067,3.3221342746860096,5.430348070475979,pos,Secretários de medicina,3,Técnicos e profissionais de nível médio
2141,360655.74923626,525,1.13787,73.02758585668631,22.903807569754438,1.5609935338926053,2.5076130396666407,3.4735815729604687,pos,Engenheiros industriais e de produção,2,Profissionais das ciências e intelectuais
3334,2988917.86645804,5247,1.136554125,73.81443959274208,20.007135439154673,1.4036303702891701,4.774794597814077,27.027718037644085,pos,Agentes imobiliários,3,Técnicos e profissionais de nível médio
2151,753636.68793996,1191,1.126725,75.4380192449036,23.34302776139329,0.9206638942949199,0.29828909940818993,7.132983872256627,pos,Engenheiros eletricistas,2,Profissionais das ciências e intelectuais
5244,2975337.50057837,4355,1.118129,60.17605958522289,27.29849420237581,2.896482988448744,9.628963223952558,16.359805676794657,pos,Vendedores por telefone,5,"Serviços, vendedores do comércio e mercados"
2434,65763.66289817,116,1.1176031666666666,21.53063035450639,71.07662415485197,0.5404804118408377,6.852265078800798,9.614243382555292,pos,Profissionais de vendas de tecnologia da informação e comunicações,2,Profissionais das ciências e intelectuais
3314,257120.13167497,386,1.1168657666666666,43.798900732247205,41.15420925596867,4.604559416306228,10.442330595477896,12.083141268549383,pos,"Profissionais de nível médio de serviços estatísticos, matemáticos e afins",3,Técnicos e profissionais de nível médio
5211,3747053.99022445,8081,1.107101,66.44129944040196,21.97413276833909,2.6939192145996547,8.890648576659293,26.412112254461654,pos,Vendedores de quiosques e postos de mercados,5,"Serviços, vendedores do comércio e mercados"
5243,9934557.00228775,20562,1.107101,60.20435321933664,24.393526669462315,2.8597481214109584,12.5423719897901,17.40077353822474,pos,Vendedores a domicilio,5,"Serviços, vendedores do comércio e mercados"
9520,2120103.22139579,4295,1.107101,41.04005196899884,44.66214585668455,3.6885126813479907,10.609289492968612,41.08825125465479,pos,Vendedores ambulantes (exclusive de serviços de alimentação),9,Ocupações elementares
2433,391199.39846455003,585,1.1036967500000001,57.27159938460225,40.64598036852828,0.7173603210244727,1.3650599258450058,10.28502213609221,pos,Profissionais de vendas técnicas e médicas (exclusive tic),2,Profissionais das ciências e intelectuais
2641,321731.61411746,496,1.1000497999999999,71.48150982592179,15.580988613847618,5.21962074473781,7.717880815492778,16.29651246713444,pos,Escritores,2,Profissionais das ciências e intelectuais
4120,4031294.35942326,8240,1.099056,71.0330564059354,23.068553086611328,1.4980862452560382,4.400304262197247,8.262987327697102,pos,Secretários (geral),4,Apoio administrativo
2513,147890.27880959,200,1.089463,82.48913619493871,13.485910948800736,3.3644203679656997,0.6605324882948648,10.362372704545953,pos,Desenvolvedores de páginas de internet (web) e multimídia,2,Profissionais das ciências e intelectuais
2341,13341160.6666563,30793,1.0866970500000002,91.39230492875986,4.914270597043766,1.087344588465519,2.6060798857308396,7.033024254342891,pos,Professores do ensino fundamental,2,Profissionais das ciências e intelectuais
3322,3102798.90442474,5397,1.0831339,46.26764765142175,49.57605628857966,0.9479484783294063,3.2083475816691984,15.68437347646995,pos,Representantes comerciais,3,Técnicos e profissionais de nível médio
1223,221747.22632337,275,1.08245825,54.194097449118026,43.51035963694575,1.9263768702382993,0.3691660436979289,1.4635767450160713,pos,Dirigentes de pesquisa e desenvolvimento,1,Diretores e gerentes
4225,1072722.67819651,1987,1.081472,61.216497338376755,28.64814819692802,4.285679548210235,5.849674916484997,5.228912223052007,pos,Trabalhadores dos serviços de informações,4,Apoio administrativo
2353,784820.16783901,1236,1.0668776666666666,83.91733299657108,12.053345760039647,0.9275350448724887,3.1017861985167925,15.660141106116798,pos,Outros professores de idiomas,2,Profissionais das ciências e intelectuais
1330,1079713.85815207,1508,1.059853,58.54892941115144,39.4172469366446,0.8528550418450345,1.180968610358922,3.4511777014197937,pos,Dirigentes de serviços de tecnologia da informação e comunicações,1,Diretores e gerentes
2422,57799.17730954,110,1.047687,60.81345310621259,37.76036126700789,0.0,1.4261856267795157,5.542032776809577,pos,Especialistas em políticas de administração,2,Profissionais das ciências e intelectuais
2161,1611936.84420967,2824,1.047142,85.84247694187009,8.571923085037769,1.821468354165634,3.7641316189265117,18.667062556101676,pos,Arquitetos de edificações,2,Profissionais das ciências e intelectuais
3313,1487766.83652417,2576,1.039749,44.99317380914833,50.79423978401982,1.0333950928873392,3.179191313944522,7.219805330313745,pos,Contabilistas e guarda livros,3,Técnicos e profissionais de nível médio
3341,4160928.61812688,7124,1.038688,40.40679021639835,56.61336311398366,1.1594363170975204,1.8204103525204665,4.208123873902421,pos,Supervisores de secretaria,3,Técnicos e profissionais de nível médio
3323,1224522.34682521,1958,1.0322374,51.78052128199734,44.58497544434186,1.5188903075461293,2.115612966114678,3.660720129400573,pos,Agentes de compras,3,Técnicos e profissionais de nível médio
1323,469927.11669816,889,1.029139,52.1364375268026,45.813369190934026,0.2982919212161676,1.751901361047196,7.27919432824606,pos,Dirigentes de empresas de construção,1,Diretores e gerentes
7111,488249.79076954,954,1.029139,69.10922344489947,27.608532718353263,1.000275708947597,2.281968127799689,19.951536489063287,pos,Construtores de casas,7,"Operários, artesãos da construção e ofícios mecânicos"
2149,480670.73232534,690,1.02203408,67.8899197040835,26.421519089368665,2.741292682364188,2.947268524183652,3.5882337203119667,pos,Engenheiros não classificados anteriormente,2,Profissionais das ciências e intelectuais
3342,281816.31114336,472,1.014541,56.984962383359,37.08059966484275,1.858477172026032,4.075960779772228,5.617837396562165,pos,Secretários jurídicos,3,Técnicos e profissionais de nível médio
4226,8743105.85960125,16134,1.013186,64.16364309426059,27.477010599943696,2.994737509897642,5.364608795898073,5.6001461776280825,pos,Recepcionistas em geral,4,Apoio administrativo
1346,2271504.11648196,3322,1.01055465,67.30253810197759,30.111220428390823,1.113723979790138,1.4725174898414368,2.1204687389424293,pos,"Gerentes de sucursais de bancos, de serviços financeiros e de seguros",1,Diretores e gerentes
4223,305921.79051591,494,1.0014882,74.7077357814481,17.882461148254407,1.736585379605583,5.673217690691914,2.3323876888104635,pos,Telefonistas,4,Apoio administrativo
4419,172293.50023362,313,0.9943220500000001,41.02368958222329,45.42411648132388,2.668028550744166,10.884165385708664,10.798124561625148,pos,Trabalhadores de apoio administrativo não classificados anteriormente,4,Apoio administrativo
4222,4067360.0224425,6209,0.98471895,73.40277782406382,17.848415337250163,4.004456889285754,4.744349949400268,4.128416317955377,pos,Trabalhadores de centrais de atendimento,4,Apoio administrativo
2654,249300.29778189,369,0.9823426,61.957972593717635,35.24200176515026,1.3577480252399647,1.4422776158921318,13.796339932745038,pos,"Diretores de cinema, de teatro e afins",2,Profissionais das ciências e intelectuais
1112,621214.14170557,1483,0.9799637666666666,44.59268102685232,51.572998907673785,1.4045619334739508,2.429758131999946,23.99485350197229,pos,Dirigentes superiores da administração pública,1,Diretores e gerentes
2211,1776114.93736216,2938,0.9782120750000001,94.91068738777425,2.8479350465305138,0.34465622460839307,1.8967213410868433,23.248484487772306,pos,Médicos gerais,2,Profissionais das ciências e intelectuais
1213,203236.11969321,435,0.9646872,51.63073157334503,46.165005627741316,1.4397313881002936,0.7645314108133489,2.8830354584325604,pos,Dirigentes de políticas e planejamento,1,Diretores e gerentes
1322,48728.77108459,95,0.9646872,61.12483899902398,36.06981415103746,0.6000288398495363,2.205318010089028,6.259484964339524,pos,Dirigentes de explorações de mineração,1,Diretores e gerentes
1349,416022.53249553,693,0.9646872,39.09305047218675,58.64451983097476,0.0,2.2624296968384856,8.727601512842526,pos,Dirigentes e gerentes de serviços profissionais não classificados anteriormente,1,Diretores e gerentes
1439,369635.34275917,668,0.9646872,32.99925100579193,63.272763966574374,0.6224695889214102,3.1055154387122847,13.501428429505303,pos,Gerentes de serviços não classificados anteriormente,1,Diretores e gerentes
3353,141027.47450073,309,0.96220325,74.57183268577066,24.640118488424317,0.0,0.7880488258050372,4.166531088668577,pos,Agentes de serviços de seguridade social,3,Técnicos e profissionais de nível médio
2144,813037.53155282,1179,0.957906975,78.7133659456701,19.212213448960597,0.9208351217364833,1.1535854836327966,5.127244306388575,pos,Engenheiros mecânicos,2,Profissionais das ciências e intelectuais
3343,2043537.39773985,3932,0.9574445,49.02018688973981,46.160146826984864,1.6425240352235253,3.177142248051791,10.70470731860265,pos,Secretários executivos e administrativos,3,Técnicos e profissionais de nível médio
1345,1279335.58585018,2689,0.9546954999999999,69.95803978903442,28.313973223753475,0.584893478992892,1.1430935082192328,6.111829701479502,pos,Dirigentes de serviços de educação,1,Diretores e gerentes
1120,1004450.70393678,1611,0.95456165,55.06810176851633,42.73235135016302,0.4398566912376116,1.7596901900830286,6.883675040522472,pos,Diretores gerais e gerentes gerais,1,Diretores e gerentes
2635,1178576.92762061,2499,0.9499703374999999,81.17110846776737,15.231143832353231,1.2768086039691955,2.320939095910205,7.87871207245234,pos,Assistentes sociais,2,Profissionais das ciências e intelectuais
1114,100874.27384287,258,0.9444178333333333,53.95019574380233,35.64867535409316,2.307136668898045,8.093992233206455,14.052137474517357,pos,Dirigentes de organizações que apresentam um interesse especial,1,Diretores e gerentes
3514,264036.76788291,406,0.9394972500000001,53.68549641547797,38.798195107561725,2.6994966351161844,4.816811841844127,17.050685490524494,pos,Técnicos da web,3,Técnicos e profissionais de nível médio
1219,4551432.05071859,7703,0.9361512500000001,53.253130157629144,44.04678409456124,0.7873357108152004,1.912750036994406,5.838706562717404,pos,Dirigentes de administração e de serviços não classificados anteriormente,1,Diretores e gerentes
3354,64311.44910858,133,0.9321937499999999,47.69307556751124,49.64601537629938,1.1877416575593374,1.4731673986300429,3.0382522238176413,pos,Agentes de serviços de expedição de licenças e permissões,3,Técnicos e profissionais de nível médio
2355,428015.48176055,734,0.9258409999999999,70.39970412391986,19.728785681790555,2.2355512783342952,7.6359589159552765,20.006068695619273,pos,Outros professores de artes,2,Profissionais das ciências e intelectuais
2152,251679.98084234,338,0.9036349,76.46836881779797,20.641317401479593,1.5258011292637266,1.364512651458718,4.367913680572197,pos,Engenheiros eletrônicos,2,Profissionais das ciências e intelectuais
2131,563666.17258592,1084,0.9014893333333334,76.15651547726226,19.829150885414347,0.8936659624852477,3.120667674838138,7.985760072742175,pos,"Biólogos, botânicos, zoólogos e afins",2,Profissionais das ciências e intelectuais
1431,242590.33453434,462,0.89730395,46.97864548263763,50.15243136562445,0.7458580169414846,2.1230651347964375,12.663886776530196,pos,"Gerentes de centros esportivos,  de diversão e culturais",1,Diretores e gerentes
2656,379051.03997041,677,0.8926460666666666,60.77114829690235,30.214637799404752,2.133477561873391,6.880736341819492,12.52573436679198,pos,"Locutores de rádio, televisão e outros meios de comunicação",2,Profissionais das ciências e intelectuais
4221,547726.3692774,955,0.8923683333333333,66.71000870784198,29.79594689577329,1.7420384560922688,1.7520059402924644,7.618987401965567,pos,Trabalhadores de agências de viagem,4,Apoio administrativo
2113,243558.64287716,345,0.8913463666666666,60.909326850021685,38.32786077632278,0.4931263541371118,0.26968601951842275,2.157226143492068,pos,Químicos,2,Profissionais das ciências e intelectuais
1324,716048.82105519,1297,0.8907923,51.77726027769262,45.59968177143391,0.4972605439943651,2.125797406879097,6.327477495893764,pos,"Dirigentes de empresas de abastecimento, distribuição e afins",1,Diretores e gerentes
2266,310257.09621533,573,0.88958665,92.15152761181884,6.81334001101936,0.4327541911134581,0.6023781860483478,23.553266454051162,pos,Fonoaudiólogos e logopedistas,2,Profissionais das ciências e intelectuais
1341,117359.00772643,251,0.838007,67.16177851121124,31.615466768868437,0.0,1.2227547199203257,9.459665258529867,pos,Dirigentes de serviços de cuidados infantis,1,Diretores e gerentes
3411,3605396.25351728,6871,0.8335613,73.32976632615456,21.258358367845133,1.5794273199765778,3.8324479860237486,7.0146358849559345,pos,Profissionais de nível médio do direito e serviços legais e afins,3,Técnicos e profissionais de nível médio
2114,110420.38211713001,195,0.8316707333333333,91.28206098641625,7.257087474979769,0.7646011321946999,0.6962504064092636,1.1222012404646728,pos,Geólogos e geofísicos,2,Profissionais das ciências e intelectuais
2522,237708.35738145,319,0.7895315,71.46534429707508,26.610159193016518,0.8705020927926849,1.0539944171157258,4.15276916901954,pos,Administradores de sistemas,2,Profissionais das ciências e intelectuais
3513,2393869.09537371,3923,0.7860606,54.268602047729665,40.793745395767495,2.5652015383195907,2.3724510181832454,5.18823356974765,pos,Técnicos de redes e sistemas de computadores,3,Técnicos e profissionais de nível médio
2622,254411.71038395,565,0.7439546,68.7010376323617,29.50317692152387,0.05744165171287762,1.7383437944015534,5.100688770577696,pos,"Bibliotecários, documentaristas e afins",2,Profissionais das ciências e intelectuais
4224,667044.58637453,1219,0.73107235,75.83590473289445,18.36597094070285,2.333949248023661,3.4641750783790477,4.413631758489225,pos,Recepcionistas de hotéis,4,Apoio administrativo
2163,234426.79711739,341,0.72359645,67.60638307428484,27.148124619248648,1.4285267168334164,3.816965589633093,7.758456083221969,pos,Desenhistas de produtos e  vestuário,2,Profissionais das ciências e intelectuais
2166,1533626.38982132,2441,0.71078045,61.28187285248242,31.51777148732467,3.0701440432009357,4.130211616991968,17.989145792699965,pos,Desenhistas gráficos e de multimídia,2,Profissionais das ciências e intelectuais
3511,2137169.95950547,3236,0.7040519,63.301091638098164,30.587825417675113,2.6309707590893874,3.4801121851373247,8.202313912581152,pos,Técnicos em operações de tecnologia da informação e das comunicações,3,Técnicos e profissionais de nível médio
4322,634075.63335049,977,0.6999103,39.807332758942394,54.20560264842892,2.717049993647021,3.270014598981664,2.797692352666673,pos,Trabalhadores de serviços de apoio à produção,4,Apoio administrativo
2262,1871389.41502727,3273,0.6058705,83.94266892620892,13.067503291795997,0.7693526387187682,2.220475143276299,4.575158554255461,pos,Farmacêuticos,2,Profissionais das ciências e intelectuais
2523,76927.15863581,114,0.5803306,63.82524000996129,33.390980597455325,2.110060288163352,0.6737191044200258,7.820234609693694,pos,Profissionais em rede de computadores,2,Profissionais das ciências e intelectuais
1420,5064667.80372916,9446,0.5748773,54.342497311203786,43.00831053261042,0.9025569257228364,1.7466352304629555,6.455355385640894,pos,Gerentes de comércios atacadistas e varejistas,1,Diretores e gerentes
5221,27448064.75550883,56660,0.5748773,73.52282200471359,20.754834612968672,0.858376144272657,4.8639672380450785,16.546971043988293,pos,Comerciantes de lojas,5,"Serviços, vendedores do comércio e mercados"
2133,339118.26833335,661,0.54157215,67.18298530857064,28.01536910224847,2.3162164873677855,2.4854291018131067,6.793845789727035,pos,Profissionais da proteção do meio ambiente,2,Profissionais das ciências e intelectuais
2352,296428.27292697,667,0.54047012,77.39390828262627,18.003045169801993,1.1903063000657041,3.412740247506029,13.954554079103193,pos,Educadores para necessidades especiais,2,Profissionais das ciências e intelectuais
3118,575582.23037692,922,0.52637895,67.45633898030378,28.920773715571364,1.4093695471333987,2.21351775699146,5.6771932870342035,pos,Desenhistas e projetistas técnicos,3,Técnicos e profissionais de nível médio
2354,416149.25318424,800,0.526352,76.56227480058011,16.54014236084315,2.088759616192738,4.808823222384008,26.886742697379674,pos,Outros professores de música,2,Profissionais das ciências e intelectuais
5165,429010.61464866,749,0.526352,80.594259465328,15.11192196342235,1.0270127682068195,3.2668058030428346,4.84230834576321,pos,Instrutores de autoescola,5,"Serviços, vendedores do comércio e mercados"
1321,2020931.37398702,3521,0.5086878,51.83404746500238,45.980567762329514,0.2151879073372151,1.9701968653309014,5.655258772834735,pos,Dirigentes de indústria de transformação,1,Diretores e gerentes
2269,515105.86100659,882,0.5015898000000001,70.06734253341943,24.34528731577224,1.3831224966527007,4.204247654155631,24.6297970145307,pos,Profissionais da saúde não classificados anteriormente,2,Profissionais das ciências e intelectuais
2212,2880571.3952737,4796,0.49084064000000005,94.7688437176304,4.2138746902621165,0.08863465801753635,0.9286469340899526,16.87816960305568,pos,Médicos especialistas,2,Profissionais das ciências e intelectuais
2165,44484.28241984,86,0.48152925,75.77064520467769,23.323421456566663,0.9059333387556413,0.0,6.4257191180377236,pos,Cartógrafos e agrimensores,2,Profissionais das ciências e intelectuais
5113,246073.9911166,460,0.4652621333333333,62.50428686222526,27.77255421025066,3.1580701315308413,6.5650887959932405,16.064683239473183,pos,Guias de turismo,5,"Serviços, vendedores do comércio e mercados"
3412,985344.28750414,2149,0.4652255,65.60317164950847,28.167210948016226,1.7937021354240716,4.435915267051233,12.759292764823874,pos,Trabalhadores e assistentes sociais de nível médio,3,Técnicos e profissionais de nível médio
3333,90746.53697392,149,0.46232375,29.861950559196572,63.67568223101537,2.9308914144644453,3.531475795323625,10.083504049039453,pos,Agentes de emprego e agenciadores de mão de obra,3,Técnicos e profissionais de nível médio
5312,3843309.35797752,8150,0.4516636,64.2182519489381,25.83172678320629,2.874742579615465,7.075278688240141,10.446364420008129,pos,Ajudantes de professores,5,"Serviços, vendedores do comércio e mercados"
2652,1067222.87620558,1933,0.43947915000000004,77.67236270165242,14.617105841431282,2.2026027850743155,5.507928671841977,29.361973520281488,pos,"Músicos, cantores e compositores",2,Profissionais das ciências e intelectuais
2132,470197.64414107,966,0.4360305666666666,67.48652372134929,28.809433794246488,1.2293791072870024,2.474663377117215,12.506134725974173,pos,Agrônomos e afins,2,Profissionais das ciências e intelectuais
1411,336603.37984074,737,0.4021726,60.81763274822365,34.391895839559965,0.39647094032664154,4.394000471889738,10.83962508571952,pos,Gerentes de hotéis,1,Diretores e gerentes
4212,613046.97047612,1254,0.3839394,59.239689579411305,28.47826076361012,3.738625471143288,8.54342418583528,6.130261609793954,pos,Coletores de apostas e de jogos,4,Apoio administrativo
7321,198506.80079869,270,0.3772858,43.94223494262925,46.59065722849654,3.93235121550901,5.534756613365213,5.229765233808,pos,Trabalhadores da pré-impressão gráfica,7,"Operários, artesãos da construção e ofícios mecânicos"
3332,1597231.34033334,2577,0.3740207,55.10161282406708,37.45388994772124,2.4123569655396606,5.032140262672025,16.068636522452064,pos,Organizadores de conferências e eventos,3,Técnicos e profissionais de nível médio
2320,1051999.63296929,1743,0.3518627,50.28899296676295,45.07339566503855,1.4955351186605432,3.1420762495379644,9.215226350626134,pos,Professores de formação profissional,2,Profissionais das ciências e intelectuais
3114,1236777.24484509,2018,0.3515252,59.44492580258854,36.96214593193977,1.5618305130786636,2.031097752393011,6.413726690389785,pos,Técnicos em eletrônica,3,Técnicos e profissionais de nível médio
3522,524705.36303879,798,0.3515252,56.651592410531194,40.81235965515274,1.3178985104453333,1.2181494238707242,1.7182013661354207,pos,Técnicos de engenharia de telecomunicações,3,Técnicos e profissionais de nível médio
3331,157547.55967217,213,0.32954685000000006,63.97623693346803,31.493036066399245,2.3156440607674855,2.2150829393652276,8.474768556571762,pos,Despachantes aduaneiros,3,Técnicos e profissionais de nível médio
4132,243707.28293943,538,0.3108081,61.48694130773276,27.84144511855471,3.2723825883638993,7.39923098534864,10.411259440110749,pos,Operadores de entrada de dados,4,Apoio administrativo
3512,647589.90490382,963,0.299343,54.477042281266804,40.898403455060375,1.4430956520365263,3.1814586116362773,7.20035270003241,pos,Técnicos em assistência ao usuário de tecnologia da informação e das comunicações,3,Técnicos e profissionais de nível médio
3230,344652.15425539,606,0.2295568,59.6663813942985,32.66088657609734,1.0634667608262762,6.609265268777893,27.07484389651668,pos,Profissionais de nível médio de medicina tradicional e alternativa,3,Técnicos e profissionais de nível médio
2221,4627931.8489474,8478,0.220262,84.74271479809674,12.413298349199543,1.0383937868392814,1.8055930658644244,6.4115927462584175,pos,Profissionais de enfermagem,2,Profissionais das ciências e intelectuais
3521,1012146.93799149,1685,0.21222430000000003,63.18496951422936,29.57104442636067,2.533434818617631,4.710551240792324,13.601140609451619,pos,Técnicos de radiodifusão e gravação audiovisual,3,Técnicos e profissionais de nível médio
3131,74729.11578843,159,0.20973637500000003,72.40282376151656,26.117575876236554,0.0,1.4796003622468847,0.8548484164325852,pos,Operadores de instalações de produção de energia,3,Técnicos e profissionais de nível médio
3422,522079.02129227,843,0.20355236666666668,74.11412583789313,19.32172969445014,1.8699539076177267,4.694190560039002,22.03031358987001,pos,"Treinadores, instrutores e árbitros de atividades esportivas",3,Técnicos e profissionais de nível médio
3111,238313.04176848,407,0.19872533333333334,56.92981970008982,38.25403520217444,0.5360445828491174,4.280100514886609,6.360263578852375,pos,Técnicos em ciências físicas e químicas,3,Técnicos e profissionais de nível médio
2342,6828049.41493681,13983,0.19752095,87.51958454666368,8.168385494093846,1.2736730857178507,3.038356873524624,6.588060534380913,pos,Professores do ensino pré-escolar,2,Profissionais das ciências e intelectuais
3116,535543.8052916,716,0.1941278,63.41025240307934,33.54401552509963,1.190398121014805,1.8553339508062272,2.6213025292605505,pos,Técnicos em química industrial,3,Técnicos e profissionais de nível médio
5212,2656909.13510561,5540,0.19004019999999994,68.86266965327836,16.476069769067532,3.3854820552288167,11.275778522425282,37.874551078462346,pos,Vendedores ambulantes de serviços de alimentação,5,"Serviços, vendedores do comércio e mercados"
3359,193446.46403803,378,0.1704867,67.63861847177125,31.186823460411155,0.8568007224204868,0.3177573453971076,2.4858143455769137,pos,Agentes da administração pública para aplicação da lei e afins não classificados anteriormente,3,Técnicos e profissionais de nível médio
2655,124560.00339688,196,0.1590935,59.12237804653382,27.824013209884935,3.703167258892809,9.350441484688437,31.062946182929956,pos,Atores,2,Profissionais das ciências e intelectuais
3141,172521.09712922,310,0.15909035,49.775027911003306,30.740507920842315,6.2268077597907,13.257656408363674,8.789028772488797,pos,Técnicos e profissionais de nível médio em ciências biológicas (exclusive da medicina),3,Técnicos e profissionais de nível médio
3112,1276763.03612751,2309,0.15467016,66.45321599094099,27.955436113745353,1.9537875708747887,3.6375603244388857,7.790564908276605,pos,Técnicos em engenharia civil,3,Técnicos e profissionais de nível médio
5169,76470.05182829,152,0.151064075,47.54362187812322,37.74140329233431,5.157990981530436,9.556983848012027,11.48865702255401,pos,Trabalhadores de serviços pessoais não classificados anteriormente,5,"Serviços, vendedores do comércio e mercados"
3117,458110.34497937,637,0.13869684999999998,48.86116059741537,47.616751466916654,1.1604020051972534,2.361685930470724,1.840601892175361,pos,Técnicos em engenharia de minas e metalurgia,3,Técnicos e profissionais de nível médio
3119,1140527.61274812,1825,0.13633781,54.77136790161795,38.246928654209384,2.669430687155553,4.312272757017111,4.327698866967747,pos,Técnicos em ciências físicas e da engenharia não classificados anteriormente,3,Técnicos e profissionais de nível médio
3257,1744967.7969183,2882,0.13325945,73.85568451808734,21.696440743437016,2.3289992342340162,2.118875504241617,3.5495679034698955,pos,"Inspetores de saúde laboral, ambiental e afins",3,Técnicos e profissionais de nível médio
5242,1056635.93939284,1729,0.1235652,61.13459304672766,34.00168963973588,2.163699407556353,2.7000179059801113,5.317279749747841,pos,Demonstradores de lojas,5,"Serviços, vendedores do comércio e mercados"
4411,105944.25666243,215,0.12092844999999999,64.48841738106232,29.50396867305278,3.9888895319149356,2.018724413969982,3.6475437174098104,pos,Trabalhadores de bibliotecas,4,Apoio administrativo
3256,417928.4318911,695,0.11426285,51.56875689553056,25.132562299870003,2.54085797242765,20.757822832171787,5.373182058063096,pos,assistentes de medicina,3,Técnicos e profissionais de nível médio
3142,399074.34320316,975,0.095719,64.87581344923696,32.55475114834617,0.5232127328079234,2.0462226696089565,6.574363823801371,pos,Técnicos agropecuários,3,Técnicos e profissionais de nível médio
5249,4975539.32849679,10822,0.0784367,55.357306236029004,28.678326935138436,2.3047526684381294,13.659614160394442,23.797856712936614,pos,Vendedores não classificados anteriormente,5,"Serviços, vendedores do comércio e mercados"
3212,551830.92818278,1114,0.07723760000000002,64.28131542976945,31.953838188794304,1.3639762078673183,2.4008701735689404,6.18503803991369,pos,Técnicos de laboratórios médicos,3,Técnicos e profissionais de nível médio
3152,155168.86578505,339,0.06767050000000001,50.723896333175574,43.980487534938476,0.47281650467776204,4.822799627208184,5.52571096782227,pos,"Capitães, oficiais de coberta e práticos",3,Técnicos e profissionais de nível médio
3153,148955.32115537,255,0.06060062499999999,88.74572416975828,9.8148678685946,0.0,1.4394079616471196,5.108387713908872,pos,Pilotos de aviação e afins,3,Técnicos e profissionais de nível médio
3115,1749141.62744484,2987,0.04044515,52.423065993548576,43.22249137647245,1.4188468153623794,2.9355958146165926,7.9454521822866635,pos,Técnicos em engenharia mecânica,3,Técnicos e profissionais de nível médio
3253,3800816.01172427,10027,0.0371229,91.80255948438713,6.284404261160136,0.3233610805697322,1.5896751738829942,5.109555451246239,pos,Trabalhadores comunitários da saúde,3,Técnicos e profissionais de nível médio
3214,430498.28209923,721,0.034459775,77.06828365399497,20.884035010981563,0.0,2.0476813350234777,18.19018057247989,pos,Técnicos de próteses médicas e dentárias,3,Técnicos e profissionais de nível médio
3113,1643828.16444266,2724,0.023737249999999988,51.434085180152856,44.59747531717702,1.387248011998769,2.5811914906713427,4.653068528448555,pos,Eletrotécnicos,3,Técnicos e profissionais de nível médio
5311,8443188.60325531,16570,0.023414049999999992,65.43241715829865,17.076181029088783,4.514830847488374,12.976570965124203,11.095786997066135,pos,Cuidadores de crianças,5,"Serviços, vendedores do comércio e mercados"
3432,483995.64204302,743,0.022778233333333266,60.460151320330404,30.57347472266576,2.6876007554856427,6.278773201518188,13.5353460193234,pos,Desenhistas e decoradores de interiores,3,Técnicos e profissionais de nível médio
5222,2754993.35000294,4642,0.0191826,58.72057073886589,36.21337532953664,1.7397757024818519,3.3262782291156303,2.7034187750647103,pos,Supervisores de lojas,5,"Serviços, vendedores do comércio e mercados"
3355,610187.11274674,1149,0.016719899999999996,75.40731948914186,23.660295394740885,0.0,0.9323851161172582,1.118439295131658,pos,Inspetores de polícia e detetives,3,Técnicos e profissionais de nível médio
3213,651128.66723707,1025,0.0070256,48.396455013481855,45.21260653348024,1.2250926040090548,5.1658458490288455,2.911423371353787,pos,Técnicos e assistentes farmacêuticos,3,Técnicos e profissionais de nível médio
5223,31511228.77406152,57973,-0.015591999999999995,74.09215425285126,17.267722165784235,3.148843548165013,5.491280033199489,5.790825986068456,pos,Balconistas e vendedores de lojas,5,"Serviços, vendedores do comércio e mercados"
4211,410002.55961482,729,-0.022963700000000004,67.93346267666298,30.691855732397165,0.32691282806339556,1.0477687628764583,3.2860413548508065,pos,Caixas de banco e afins,4,Apoio administrativo
3139,100977.11502353,187,-0.0241824,23.632774313374767,67.00496573459853,4.385738913887913,4.976521038138794,1.1660288729694142,pos,Técnicos em controle de processos não classificados anteriormente,3,Técnicos e profissionais de nível médio
7543,1924703.12921371,3020,-0.0293395,59.67493602986049,36.84656984678583,1.0622273116488654,2.4162668117048125,2.5013803950888893,pos,Classificadores e provadores de produtos (exceto de bebidas e alimentos),7,"Operários, artesãos da construção e ofícios mecânicos"
5414,11699986.78010736,23531,-0.05643486666666666,83.71312798688267,11.324808904809966,1.888363078233087,3.0737000300742925,5.259029962853502,pos,Guardas de segurança,5,"Serviços, vendedores do comércio e mercados"
2250,1129210.14592585,2007,-0.0749958,86.21544998153021,10.562208591564017,0.9951078166418844,2.2272336102638834,16.62352891408928,pos,Veterinários,2,Profissionais das ciências e intelectuais
3122,2182787.59933105,3513,-0.0845282,46.955889310833506,50.268427289752346,0.9314141613602549,1.8442692380538848,2.194563036156298,pos,Supervisores de indústrias de transformação,3,Técnicos e profissionais de nível médio
2261,2622054.85505932,4976,-0.10369352500000001,92.30387177888397,5.3638682449110044,0.6306953560474449,1.701564620157578,14.89750743808545,pos,Dentistas,2,Profissionais das ciências e intelectuais
7311,190447.75664096,339,-0.113789525,54.89391506907827,39.63820651060588,1.7868075364905354,3.6810708838253063,9.619128317567208,pos,Mecânicos e reparadores de instrumentos de precisão,7,"Operários, artesãos da construção e ofícios mecânicos"
5112,557093.78391081,917,-0.11430019999999999,76.2646423064793,19.064242005504443,1.291717785107611,3.379397902908638,3.8227743771504796,pos,Fiscais e cobradores de transportes públicos,5,"Serviços, vendedores do comércio e mercados"
4415,482962.32038701,791,-0.11658304999999997,46.35977841983031,48.0455590127781,2.476626493519211,3.1180360738723665,5.319881261003298,pos,Trabalhadores de arquivos,4,Apoio administrativo
1412,2018090.32175509,3649,-0.1213112,53.19729286632319,43.092173326183975,0.9325074751354299,2.7780263323574,9.011513594882729,pos,Gerentes de restaurantes,1,Diretores e gerentes
3259,398170.78830178,651,-0.14181405,60.094889840142315,25.648237041864945,3.767938171287492,10.488934946705243,11.521498023586572,pos,Profissionais de nível médio da saúde não classificados anteriormente,3,Técnicos e profissionais de nível médio
1311,550363.64217793,1848,-0.1443684,50.45747903160623,45.82338468493489,0.5108204746965747,3.2083158087623027,8.208902032825902,pos,Dirigentes de produção agropecuária e silvicultura,1,Diretores e gerentes
5230,9559686.29721054,17703,-0.14909065,77.46583193445024,13.490502340441642,3.2455133184733755,5.798152406634739,4.5746699235431425,pos,Caixas e expedidores de bilhetes,5,"Serviços, vendedores do comércio e mercados"
7313,356388.0711221,536,-0.1560197,74.84256673612458,19.44095247211292,1.444343026215298,4.272137765547201,9.003377614875745,pos,"Joalheiros e lapidadores de gemas, artesãos de metais preciosos e semipreciosos",7,"Operários, artesãos da construção e ofícios mecânicos"
3431,1076510.46910183,1856,-0.1680973,72.60440495788212,20.410127715171814,1.901943575512459,5.0835237514335985,20.892527833835622,pos,Fotógrafos,3,Técnicos e profissionais de nível médio
2264,2398862.82774486,4330,-0.19569115,90.95858166733667,6.6347778277143235,0.6157390854733203,1.790901419475681,18.232603799527617,pos,Fisioterapeutas,2,Profissionais das ciências e intelectuais
3211,603153.13424674,1140,-0.20522642000000002,84.09513785478647,11.492768564424441,1.1077487763607143,3.3043448044283683,6.721154365751175,pos,Técnicos em aparelhos de diagnóstico e tratamento médico,3,Técnicos e profissionais de nível médio
5419,539988.43323567,982,-0.24786822857142857,69.75503316844028,27.761500825784264,1.157875126639321,1.325590879136154,3.957056061383646,pos,Trabalhadores dos serviços de proteção e segurança não classificados anteriormente,5,"Serviços, vendedores do comércio e mercados"
3434,448824.80952845,782,-0.26259625,34.34813113724605,63.021267177885655,0.7256204656888494,1.90498121917946,10.139783166528838,pos,Chefes de cozinha,3,Técnicos e profissionais de nível médio
5322,5988794.46203882,12147,-0.26280396666666667,67.65925011936235,14.434279308197423,4.817803931331291,13.08866664110892,18.28131500738914,pos,Trabalhadores de cuidados pessoais a domicílios,5,"Serviços, vendedores do comércio e mercados"
3121,94295.06576325,169,-0.3054048,54.82653090519448,36.69594670018518,4.179549709551718,4.297972685068614,3.268774373564392,pos,Supervisores da mineração,3,Técnicos e profissionais de nível médio
3123,1186129.12057165,2187,-0.3054048,47.36309304624011,47.43005742333747,2.567793397874622,2.6390561325478004,7.138840031966376,pos,Supervisores da construção,3,Técnicos e profissionais de nível médio
5142,12090093.9222356,21943,-0.3077427,80.32823783340477,7.435674545334154,2.4921101981067597,9.743977423154313,27.607889205342968,pos,Especialistas em tratamento de beleza e afins,5,"Serviços, vendedores do comércio e mercados"
5141,9794268.65155046,17774,-0.3272021,85.75776682151483,6.4676120010312514,1.6214754937202511,6.153145683733655,26.517736311711506,pos,Cabeleireiros,5,"Serviços, vendedores do comércio e mercados"
3433,38767.37139115,91,-0.32759136666666666,33.81140606809312,40.8746952541092,11.073487771804354,14.240410905993315,6.185783844268989,pos,"Técnicos em galerias de arte, museus e bibliotecas",3,Técnicos e profissionais de nível médio
5111,138572.20003772,190,-0.33023956666666665,73.5953725322449,24.45773083700201,0.9370243214813332,1.0098723092717654,0.7477624017115447,pos,Auxiliares de serviço de bordo,5,"Serviços, vendedores do comércio e mercados"
7232,159049.19253721,246,-0.33781829999999996,75.91103461486172,22.3584943903097,0.15503165608252914,1.5754393387460506,2.0529593361491045,pos,Mecânicos e reparadores de motores de avião,7,"Operários, artesãos da construção e ofícios mecânicos"
8331,3841513.93252968,7608,-0.343019,88.32172258690227,7.489952624341574,1.4194660242810677,2.768858764475086,4.669287761057352,pos,Condutores de ônibus e bondes,8,Operadores de instalações e máquinas e montadores
3423,3271255.87564332,5557,-0.3716062,79.08884115837728,16.671715341124603,1.102795021161177,3.1366484793369382,20.279572335998964,pos,Instrutores de educação física e atividades recreativas,3,Técnicos e profissionais de nível médio
7512,7946061.95959939,14817,-0.3852989,62.969992196156454,24.390127779620403,2.496954860988151,10.142925163235002,11.883454783119964,pos,"Padeiros, confeiteiros e afins",7,"Operários, artesãos da construção e ofícios mecânicos"
8321,9379475.49804154,16735,-0.40624405,76.64887268351926,16.085587918029862,2.835678193435497,4.429861205015396,24.10655990789964,pos,Condutores de motocicletas,8,Operadores de instalações e máquinas e montadores
3255,546333.08660791,1050,-0.4100433,52.504260968669094,34.993968325289835,2.74274680686959,9.75902389917149,22.79310820832047,pos,Técnicos e assistentes fisioterapeutas,3,Técnicos e profissionais de nível médio
7531,3396376.28877256,7120,-0.4305268,59.578024358663285,25.705762904543878,1.7206502031948883,12.995562533597935,18.122075811547127,pos,"Alfaiates, modistas, chapeleiros e peleteiros",7,"Operários, artesãos da construção e ofícios mecânicos"
7127,630536.92273149,1235,-0.4348143,56.81884151201776,36.75110563630199,2.809244442960627,3.6208084087196264,11.690452954497452,pos,Mecânicos-instaladores de sistemas de refrigeração e climatização,7,"Operários, artesãos da construção e ofícios mecânicos"
3435,216661.95088714,355,-0.4533608,53.31317587464576,38.34357855465594,2.7487355667529934,5.594510003945297,20.692940751542267,pos,Outros profissionais de nível médio em atividades culturais e artísticas,3,Técnicos e profissionais de nível médio
7421,551911.25950303,998,-0.4538065857142857,60.40926091915887,30.92726248967883,3.0378768979277733,5.625599693234524,10.957937263120145,pos,Mecânicos e reparadores em eletrônica,7,"Operários, artesãos da construção e ofícios mecânicos"
9629,1875714.5072366,4313,-0.46523954,56.76144382530073,27.658419543337693,5.113320813276408,10.466815818085186,6.356769546781453,pos,Outras ocupações elementares não classificadas anteriormente,9,Ocupações elementares
7234,377501.12028527,731,-0.47156184999999995,68.94305773235958,23.67382744655408,0.645231648076488,6.7378831730098465,14.101754364962538,pos,Reparadores de bicicletas e afins,7,"Operários, artesãos da construção e ofícios mecânicos"
3251,1008526.21754692,2069,-0.47169194999999997,79.88661364977496,13.683438433604447,1.8023453575121113,4.6276025591084835,6.6156182193186,pos,Dentistas auxiliares e ajudantes de odontologia,3,Técnicos e profissionais de nível médio
5163,173504.57431348,332,-0.4886874,80.24481453080047,16.76554238932578,1.2399989187362501,1.7496441611375184,4.272503492307379,pos,Trabalhadores de funerárias e embalsamadores,5,"Serviços, vendedores do comércio e mercados"
8332,16666710.53174458,31894,-0.50121625,85.37880003445585,9.981857520592039,1.9064572702641054,2.7328851746879925,8.430463810822083,pos,Condutores de caminhões pesados,8,Operadores de instalações e máquinas e montadores
8182,430898.81864201,783,-0.5032496,61.856903780519545,32.06413775731738,2.412818928487062,3.6661395336760076,2.8002867273289147,pos,Operadores de máquinas de vapor e caldeiras,8,Operadores de instalações e máquinas e montadores
3132,207078.64522717,386,-0.5105174,68.47208910424591,29.968836006314763,0.5887114029002708,0.9703634865390677,3.248602869669154,pos,"Operadores de incineradores, instalações de tratamento de água e afins",3,Técnicos e profissionais de nível médio
3221,10224343.20454893,19768,-0.5137373,84.04073942171246,11.550416762641849,1.4974917621752288,2.9113520534704453,5.449209979379216,pos,Profissionais de nível médio de enfermagem,3,Técnicos e profissionais de nível médio
5164,1478032.39000147,2595,-0.5372728999999999,71.52277283900695,21.16917899998421,1.9344529152857812,5.373595245723066,15.051573934652389,pos,Cuidadores de animais,5,"Serviços, vendedores do comércio e mercados"
5245,2653791.13277776,5101,-0.5374322500000001,86.7990167234814,8.692198837349734,1.9084100891218974,2.6003743500469603,4.911384845248392,pos,Frentistas de posto de gasolina,5,"Serviços, vendedores do comércio e mercados"
7413,552572.4915582,1074,-0.5509574500000001,71.43670694701098,24.835861482125875,2.114440907279609,1.6129906635835463,3.4186670496568157,pos,Instaladores e reparadores de linhas elétricas,7,"Operários, artesãos da construção e ofícios mecânicos"
7514,447964.43824052,1334,-0.5559894,38.32368034506327,38.19176085566708,2.507250886718865,20.97730791255079,6.073648019000249,pos,"Trabalhadores da conservação de frutas, legumes e similares",7,"Operários, artesãos da construção e ofícios mecânicos"
5412,1381856.05885964,2870,-0.5603311999999999,76.42520165904818,22.469433341639363,0.0714185576485378,1.0339464416639068,2.1091536842915977,pos,Policiais,5,"Serviços, vendedores do comércio e mercados"
3240,189456.87293645,382,-0.56795015,45.631033900180405,42.12496743501195,4.7565975500899755,7.487401114717665,15.537635009650007,pos,Técnicos e assistentes veterinários,3,Técnicos e profissionais de nível médio
9611,2100012.83776505,4649,-0.5683742500000001,85.64647201112028,8.930070716653963,1.7357189629355538,3.6877383092902054,8.115024969087656,pos,Coletores de lixo e material reciclável,9,Ocupações elementares
8212,775238.78243617,1239,-0.56928044,38.622486987455446,52.75670096602884,2.9512197202555597,5.669592326260169,4.984394403211753,pos,Montadores de equipamentos elétricos e eletrônicos,8,Operadores de instalações e máquinas e montadores
4321,8877488.0846147,14728,-0.5738983333333333,60.001321553838025,34.26546749763444,2.433754817717828,3.299456130809706,3.5962727738804765,pos,Trabalhadores de controle de abastecimento e estoques,4,Apoio administrativo
7222,558206.95943489,800,-0.583198,70.07823312675414,26.48501724238453,0.9299681501599169,2.5067814807014095,6.624448869657767,pos,Ferramenteiros e afins,7,"Operários, artesãos da construção e ofícios mecânicos"
5151,236948.20951494,374,-0.5854128,43.44505028017735,49.91117423215849,3.39696228023304,3.246813207431118,4.373727608872957,pos,"Supervisores de manutenção e limpeza de edifícios em escritórios, hotéis e estabelecimentos",5,"Serviços, vendedores do comércio e mercados"
5152,169940.91384043,355,-0.5854128,55.24788820942119,34.70082914511044,0.8412548287641418,9.21002781670421,13.671089422209969,pos,Governantas e mordomos domésticos,5,"Serviços, vendedores do comércio e mercados"
7515,223814.02314687,438,-0.6002406499999999,46.307569542372626,47.314762327460315,0.9273087146933584,5.450359415473695,5.857740119348095,pos,Trabalhadores da degustação e classificação de alimentos e bebidas,7,"Operários, artesãos da construção e ofícios mecânicos"
5120,13312630.78123324,29099,-0.6031165999999999,67.90002833187589,21.777327768028663,2.5037611014407672,7.818882798654678,10.405986743892276,pos,Cozinheiros,5,"Serviços, vendedores do comércio e mercados"
8343,658756.04607111,1193,-0.6038050800000001,73.93903847253898,22.602481016141244,1.9487415944565212,1.5097389168632573,3.149019628036998,pos,"Operadores de guindastes, gruas, aparatos de elevação e afins",8,Operadores de instalações e máquinas e montadores
5329,521595.52665303,1025,-0.607479575,39.63753440701159,52.71912584025253,3.3050900648095105,4.3382496879263615,4.185183947507314,pos,Trabalhadores de cuidados pessoais nos serviços de saúde não classificados anteriormente,5,"Serviços, vendedores do comércio e mercados"
5132,1571166.20896964,3178,-0.6159883,71.04031400127995,14.96427069805793,3.8113428717243423,10.18407242893777,17.335184941962666,pos,atendentes de bar,5,"Serviços, vendedores do comércio e mercados"
7422,2698536.80715875,4605,-0.6197831857142857,53.21991088812249,40.42680121935784,2.7247271312414485,3.628560761278226,9.687113716402262,pos,Instaladores e reparadores em tecnologias da informação e comunicações,7,"Operários, artesãos da construção e ofícios mecânicos"
8344,2627774.77718825,4190,-0.62603275,74.4893810962355,22.110725401067764,0.8548358659597997,2.545057636736945,3.41890008342266,pos,Operadores de empilhadeiras,8,Operadores de instalações e máquinas e montadores
8322,17997235.9350154,32466,-0.6330631600000001,80.13785212124338,13.645889650777306,2.1965200834970213,4.019738144482298,18.706039730260024,pos,"Condutores de automóveis, taxis e caminhonetes",8,Operadores de instalações e máquinas e montadores
9411,1117432.63259442,2199,-0.6532827,42.785004212580326,46.50716002263692,3.3339274284938822,7.373908336288876,17.18837976928127,pos,Preparadores de comidas rápidas,9,Ocupações elementares
8311,117081.22111471,156,-0.6536364000000001,82.07401019488498,13.47082595328177,1.0497216454814056,3.4054422063518475,1.644848651617097,pos,Maquinistas de locomotivas,8,Operadores de instalações e máquinas e montadores
7513,690488.78648662,2380,-0.65851275,56.30152072863767,31.291496573091027,1.1075034430246697,11.29947925524664,7.474230318167681,pos,Trabalhadores da pasteurização do leite e fabricação de laticínios e afins,7,"Operários, artesãos da construção e ofícios mecânicos"
7532,203490.17931374,334,-0.6846808333333334,37.04718050043948,54.90947464235841,2.147745779079845,5.895599078122267,7.8378114494932545,pos,Trabalhadores qualificados da preparação da confecção de roupas,7,"Operários, artesãos da construção e ofícios mecânicos"
3258,195810.29564672,385,-0.6863446,65.96854506633414,31.32599618170497,2.0120527344343464,0.6934060175265189,11.691832565692506,pos,Ajudantes de ambulâncias,3,Técnicos e profissionais de nível médio
5321,781544.48596651,1258,-0.7002931,47.895772410453795,44.12870447671554,2.2747931508589256,5.700729961971734,8.947593241431269,pos,Trabalhadores de cuidados pessoais em instituições,5,"Serviços, vendedores do comércio e mercados"
7322,719465.49539321,1149,-0.7093881,58.474198972132655,35.17249261660322,1.9534723326626338,4.3998360786014965,10.55404595377817,pos,Impressores,7,"Operários, artesãos da construção e ofícios mecânicos"
7544,355497.76347536,847,-0.7217393333333333,58.3726632127861,34.73279977475608,2.819544254275182,4.074992758182634,7.655813815430079,pos,Fumigadores e outros controladores de pragas e ervas daninhas,7,"Operários, artesãos da construção e ofícios mecânicos"
5413,870507.25117259,1782,-0.72298215,89.0420133347537,9.334090140215594,0.4489906854726133,1.1749058395580951,2.7623211811109103,pos,Guardiões de presídios,5,"Serviços, vendedores do comércio e mercados"
8160,2490986.18246097,6384,-0.7393212,53.49867329969938,35.02810563247219,1.5667691279764449,9.90645193985198,4.008449719274822,pos,Operadores de máquinas para elaborar alimentos e produtos afins,8,Operadores de instalações e máquinas e montadores
2651,202166.63814356,386,-0.7492891,50.35236866519918,36.92548828507222,5.804226250445741,6.917916799282864,28.862774697049673,pos,Artistas plásticos,2,Profissionais das ciências e intelectuais
7412,3034889.54631756,5402,-0.7606392,69.56547609522534,24.172990065678906,2.3424593630743304,3.9190744760214122,9.195829804409128,pos,Mecânicos e ajustadores eletricistas,7,"Operários, artesãos da construção e ofícios mecânicos"
9334,6008777.14320773,11126,-0.7892948,61.37717083720047,31.005487755323003,3.299860888271919,4.317480519204607,5.33842172782597,pos,Repositores de prateleiras,9,Ocupações elementares
7221,101972.42097643,205,-0.8046677,56.47576567658267,37.10472730254375,0.0,6.419507020873579,8.344195539538209,pos,Ferreiros e forjadores,7,"Operários, artesãos da construção e ofícios mecânicos"
7316,114438.5518121,211,-0.80504065,51.50850792820586,38.86417549890876,2.989247369704241,6.638069203181145,10.842927732953545,pos,"Redatores de cartazes, pintores decorativos e gravadores",7,"Operários, artesãos da construção e ofícios mecânicos"
8219,1410157.98998454,2488,-0.8305441,54.63121528963808,39.546523230621546,1.6149461612173281,4.207315318523065,8.870007206556375,pos,Montadores não classificados anteriormente,8,Operadores de instalações e máquinas e montadores
5131,4247456.36718677,7666,-0.83756045,69.95860368964934,17.824116538242397,5.059829581372044,7.157450190736217,8.522484255580025,pos,Garçons,5,"Serviços, vendedores do comércio e mercados"
9623,245626.96995905,451,-0.8478883500000001,69.44499004489793,26.78969063957382,1.2648969647799104,2.500422350748338,1.8237921724887882,pos,Coletores de dinheiro em máquinas automáticas de venda e leitores de medidores,9,Ocupações elementares
8154,431232.99896231,745,-0.8609312,53.512337183382876,39.71214384064116,1.6673984998459093,5.108120476130045,6.9422874247461115,pos,"Operadores de máquinas de branqueamento, tingimento e limpeza de tecidos",8,Operadores de instalações e máquinas e montadores
7411,4066473.81240142,7145,-0.86192985,75.9336495272226,17.285534985869393,2.426703027079821,4.354112459828189,13.297077281439709,pos,Eletricistas de obras e afins,7,"Operários, artesãos da construção e ofícios mecânicos"
8131,503908.5141251,711,-0.8776143666666666,50.90632518260495,45.14277575494676,1.0197281026857181,2.9311709597625626,3.4700536467035543,pos,Operadores de instalações e máquinas de produtos químicos,8,Operadores de instalações e máquinas e montadores
8114,239564.74982075,453,-0.903165175,48.6659643968025,45.39002265973711,1.9378020559635272,4.006210887496867,4.95851586736867,pos,"Operadores de máquinas para fabricar cimento, pedras e outros produtos minerais",8,Operadores de instalações e máquinas e montadores
7323,131151.72704401,189,-0.9062089,53.99079332957256,42.067307907433225,0.338001882844552,3.6038968801496534,12.615223506968933,pos,Encadernadores e afins,7,"Operários, artesãos da construção e ofícios mecânicos"
4412,458550.43371533,763,-0.90919918,85.8481572947046,11.332062027514276,0.36158308785845805,2.458197589922656,2.3484619245916227,pos,Trabalhadores de serviços de correios,4,Apoio administrativo
8211,968616.9890256,1200,-0.91230795,43.508145569671484,51.49045387910157,1.4880755186785226,3.5133250325484138,3.8843848648997557,pos,Mecânicos montadores de maquinaria mecânica,8,Operadores de instalações e máquinas e montadores
8189,198339.59940459,470,-0.9161469,47.851988637824185,47.2700471533974,1.1274104681651596,3.750553740613247,4.899905627701107,pos,Operadores de máquinas e de instalações fixas não classificados anteriormente,8,Operadores de instalações e máquinas e montadores
7223,2375396.70129702,3486,-0.9214907181818182,59.68766496314283,35.96916641374876,1.374081519798686,2.9690871033097146,3.5050454856879796,pos,Reguladores e operadores de máquinas-ferramentas,7,"Operários, artesãos da construção e ofícios mecânicos"
9333,7275529.42975177,13489,-0.922525,60.43048747592723,30.925192314619327,3.343692741412066,5.300627468041375,7.681017661865833,pos,Carregadores,9,Ocupações elementares
7317,679813.17089318,1773,-0.9295284,65.62309995049624,17.58530960556995,2.197261727277455,14.59432871665634,27.226928483519373,pos,"Artesãos de pedra, madeira, vime e materiais semelhantes",7,"Operários, artesãos da construção e ofícios mecânicos"
7319,607734.16456179,1070,-0.9295284,49.09314640120607,35.75216175065374,2.829251316566079,12.325440531574113,20.663663158548996,pos,Artesãos não classificados anteriormente,7,"Operários, artesãos da construção e ofícios mecânicos"
7231,11140886.07847607,21633,-0.9387919600000001,81.96536354666111,13.443515787860505,1.6315436584143872,2.959577007064004,13.404327986032158,pos,Mecânicos e reparadores de veículos a motor,7,"Operários, artesãos da construção e ofícios mecânicos"
5411,363651.12747089,669,-0.9566265,71.51511119012352,21.868893480407266,2.5289692347183137,4.087026094750899,4.657564738452686,pos,Bombeiros,5,"Serviços, vendedores do comércio e mercados"
9331,248522.91736533,491,-0.9591126,46.889448829438585,36.92613320303346,6.427979934239538,9.756438033288429,13.741883032258807,pos,Condutores de veículos acionados a pedal ou a braços,9,Ocupações elementares
8153,6362124.64304138,12293,-0.9639661,67.5553361099147,23.464037621065252,1.7470074578711348,7.233618811148901,9.489582035047638,pos,Operadores de máquinas de costura,8,Operadores de instalações e máquinas e montadores
8183,1024455.18367454,1689,-0.978608,53.53229906213658,41.02166762058644,1.8986553799356705,3.547377937341311,2.406551701712625,pos,"Operadores de máquinas de embalagem, engarrafamento e etiquetagem",8,Operadores de instalações e máquinas e montadores
5246,3877454.75421745,6816,-0.9809000666666666,68.98987188341326,17.558664903305395,4.782824896883011,8.668638316398349,6.923067469858252,pos,Balconistas dos serviços de alimentação,5,"Serviços, vendedores do comércio e mercados"
9622,57956.4124375,124,-0.9836807,39.17165943855303,38.34328098799117,9.010893659162353,13.474165914293446,38.87251789412542,pos,Pessoas que realizam várias tarefas,9,Ocupações elementares
8181,509050.8514998,928,-0.9844376833333334,53.17590495847552,40.56124706874735,2.3563737643082607,3.90647420846886,3.6672832634419903,pos,Operadores de instalações de vidraria e cerâmica,8,Operadores de instalações e máquinas e montadores
7533,881026.20102182,1806,-0.9874909333333333,58.3573024258344,19.44628426205579,1.720373903065168,20.47603940904465,27.86950598097007,pos,"Costureiros, bordadeiros e afins",7,"Operários, artesãos da construção e ofícios mecânicos"
6111,19307859.49715129,76058,-0.99011088,69.10154558483119,16.302117286605224,1.4482864705468497,13.148050658016727,26.091617628449825,pos,"Agricultores e trabalhadores qualificados em atividades da agricultura (exclusive hortas, viveiros e jardins)",6,"Qualificados da agropecuária, florestais, caça e pesca"
6112,5670532.4535632,15130,-0.99011088,67.95134403555147,22.035818750366975,1.9685908159921273,8.044246398089411,19.409306163621658,pos,"Agricultores e trabalhadores qualificados no cultivo de hortas, viveiros e jardins",6,"Qualificados da agropecuária, florestais, caça e pesca"
6114,158444.0576596,599,-0.99011088,68.60132878859937,17.289662057574112,0.6378773337110223,13.471131820115476,24.549680758063488,pos,Agricultores e trabalhadores qualificados de cultivos mistos,6,"Qualificados da agropecuária, florestais, caça e pesca"
6121,11006637.71422221,51953,-0.99011088,76.07302836125425,14.841878625288935,0.7698973466877695,8.315195666769041,16.342931319466924,pos,Criadores de gado e trabalhadores qualificados da criação de gado,6,"Qualificados da agropecuária, florestais, caça e pesca"
6122,946600.87634489,3876,-0.99011088,67.93351389349333,18.21111187748947,1.0858089479930402,12.769565281024168,13.281302413216942,pos,Avicultores e trabalhadores qualificados da avicultura,6,"Qualificados da agropecuária, florestais, caça e pesca"
6123,138092.73250586,579,-0.99011088,71.86291144636017,11.522221168677401,1.6309475851277586,14.98391979983465,36.97127085485903,pos,"Apicultores, sericicultores e trabalhadores qualificados da apicultura e sericicultura",6,"Qualificados da agropecuária, florestais, caça e pesca"
6130,46540.38220315,187,-0.99011088,63.44656761654308,22.625675338525774,0.0,13.927757044931127,16.549799890964085,pos,Produtores e trabalhadores qualificados de exploração agropecuária mista,6,"Qualificados da agropecuária, florestais, caça e pesca"
7318,1723704.368383,3879,-0.990912,58.38641080322105,18.606891996630758,1.9858063190673676,21.020890881080827,22.671486890449664,pos,"Artesãos de tecidos, couros e materiais semelhantes",7,"Operários, artesãos da construção e ofícios mecânicos"
7536,1263957.45519601,1893,-0.990912,60.292832616238776,32.6777221558564,1.3146179008694843,5.714827327035322,8.093555275706992,pos,Sapateiros e afins,7,"Operários, artesãos da construção e ofícios mecânicos"
7213,3990040.85443838,6989,-0.9982130999999999,78.18034951761236,16.534074974526114,2.316409875979777,2.969165631881761,15.08219421338995,pos,Chapistas e caldeireiros,7,"Operários, artesãos da construção e ofícios mecânicos"
8171,226935.78458527,430,-1.00796475,68.92715552843178,24.331339693272227,2.1927178307673265,4.548786947528662,1.3885433786528412,pos,Operadores de instalações para a preparação de pasta de papel e papel,8,Operadores de instalações e máquinas e montadores
7224,208141.84237731,365,-1.0137239,65.33484814078857,28.877648812348323,1.4513430311616609,4.336160015701445,6.372042764368499,pos,Polidores de metais e afiadores de ferramentas,7,"Operários, artesãos da construção e ofícios mecânicos"
8142,1256572.00234104,1834,-1.0172957166666667,60.60643628768019,33.87120321530816,1.6226805024095674,3.8996799946020873,3.0612513920139537,pos,Operadores de máquinas para fabricar produtos de material plástico,8,Operadores de instalações e máquinas e montadores
8350,415838.15069663,1192,-1.0185598,57.99142696007261,34.637921760222476,2.2750128161512513,5.095638463553639,7.295681445140238,pos,Marinheiros de coberta e afins,8,Operadores de instalações e máquinas e montadores
8156,840236.31571925,1204,-1.029855,55.059449821536624,39.795949358823194,1.024976624205646,4.119624195434556,7.744964260723718,pos,Operadores de máquinas para fabricação de calçados e afins,8,Operadores de instalações e máquinas e montadores
7233,5012031.8780695,9093,-1.0474146222222223,68.9041757177122,27.229525213131122,1.151256851867621,2.7150422172890605,5.86481951237251,pos,Mecânicos e reparadores de máquinas agrícolas e industriais,7,"Operários, artesãos da construção e ofícios mecânicos"
8157,106970.19419141,224,-1.054399,36.50280227985864,59.833694143299724,0.74029942632926,2.923204150512386,4.382510860227997,pos,"Operadores de máquinas de lavar, tingir e passar roupas",8,Operadores de instalações e máquinas e montadores
8122,497757.83553853,684,-1.0544012,54.61532970584453,42.59535913915815,1.4317604276195417,1.3575507273777665,3.1142094899166897,pos,"Operadores de máquinas polidoras, galvanizadoras e recobridoras de metais",8,Operadores de instalações e máquinas e montadores
7314,734336.97276305,1579,-1.0564682,58.12243957384163,33.37599892354555,1.0115671773050676,7.489994325307742,10.67629976041125,pos,Ceramistas e afins (preparação e fabricação),7,"Operários, artesãos da construção e ofícios mecânicos"
9215,1449824.31180427,5027,-1.064205,59.87665000796687,21.740837415779147,2.865183062962681,15.517329513291312,15.33193002890738,pos,Trabalhadores florestais elementares,9,Ocupações elementares
8341,3103114.29540178,9075,-1.074429,75.89628827823869,19.56385978882812,1.6421761987034351,2.8976757342297645,4.721625779805955,pos,Operadores de máquinas agrícolas e florestais móveis,8,Operadores de instalações e máquinas e montadores
7522,3116655.96335796,5810,-1.0777499750000001,76.14247023246517,18.474335430601517,1.6334565145003643,3.7497378224329565,12.859884879657573,pos,Marceneiros e afins,7,"Operários, artesãos da construção e ofícios mecânicos"
8113,194138.45512779,381,-1.0787772833333333,55.02347314475955,39.25966033687868,2.505340079503011,3.211526438858757,3.868721917712111,pos,Perfuradores e sondadores de poços e afins,8,Operadores de instalações e máquinas e montadores
6210,643252.64952979,1924,-1.08520835,46.9608435176708,40.096926707335705,3.2956250958842888,9.646604679109192,13.42111358760999,pos,Trabalhadores florestais qualificados e afins,6,"Qualificados da agropecuária, florestais, caça e pesca"
6221,145417.74598413,549,-1.08520835,64.55793505771007,25.52034904014762,1.165330014483033,8.756385887659281,24.002788611224016,pos,Trabalhadores da aquicultura,6,"Qualificados da agropecuária, florestais, caça e pesca"
6225,2687977.68664174,9396,-1.08520835,68.97284411726629,12.81467726262067,1.7679339217807246,16.444544698332322,29.779892934135848,pos,Pescadores,6,"Qualificados da agropecuária, florestais, caça e pesca"
8342,2493021.87852087,5439,-1.0894519599999999,78.56795422169938,16.784162982780863,1.9602308064472052,2.6876519890725445,6.7144964532264595,pos,Operadores de máquinas de movimentação de terras e afins,8,Operadores de instalações e máquinas e montadores
7315,62948.35645989,94,-1.0926386333333333,47.74762674879835,43.21640404048,1.709139540352483,7.32682967036916,12.779378727883833,pos,"Cortadores, polidores, jateadores e gravadores de vidros e afins",7,"Operários, artesãos da construção e ofícios mecânicos"
8112,174881.85943864,369,-1.0926805000000002,57.084329302449255,40.1756995902223,0.40753154975834704,2.3324395575700985,4.671621158742974,pos,Operadores de instalações de processamento de minerais e rochas,8,Operadores de instalações e máquinas e montadores
8143,282051.74490249,517,-1.09273125,56.07872272169024,38.08506813841523,2.040393481089505,3.7958156588050205,2.807139692449272,pos,Operadores de máquinas para fabricar produtos de papel,8,Operadores de instalações e máquinas e montadores
7212,2792831.24591636,4648,-1.1000035000000001,77.12891859563777,17.65218542912207,1.9822328469657617,3.2366631282743765,6.565939820081787,pos,Soldadores e oxicortadores,7,"Operários, artesãos da construção e ofícios mecânicos"
9212,4655876.79870596,19744,-1.108432,54.966485100108365,28.71117561173857,3.852633138730672,12.4697061494224,7.226038375322411,pos,Trabalhadores elementares da pecuária,9,Ocupações elementares
9621,502999.28815126,878,-1.1155637999999999,48.32401831589174,44.934676641469856,2.8421780182698066,3.899127024368597,7.42650692347736,pos,"Mensageiros, carregadores de bagagens e entregadores de encomendas",9,Ocupações elementares
8121,962639.81737173,1383,-1.1185306000000002,49.68815677166227,46.11124910177796,1.7610334630216815,2.4395606635380886,2.0721532850312987,pos,Operadores de instalações de processamento de metais,8,Operadores de instalações e máquinas e montadores
7523,613994.97700554,1174,-1.130357,52.43634410844194,41.82281543840156,2.239761098309101,3.501079354847388,4.551056128097136,pos,Operadores de máquinas de lavrar madeira,7,"Operários, artesãos da construção e ofícios mecânicos"
7119,1789748.92466587,4411,-1.1643864000000002,54.698345135929394,32.543905119813836,5.061591092388578,7.6961586518682,13.591758880781935,pos,Outros trabalhadores qualificados e operários da construção não classificados anteriormente,7,"Operários, artesãos da construção e ofícios mecânicos"
8172,856419.1499636,2110,-1.165031,52.15390919355617,42.03126469094807,1.2512266054913088,4.5635995100044475,6.559375234508409,pos,Operadores de instalações para processamento de madeira,8,Operadores de instalações e máquinas e montadores
3135,126189.50925098,160,-1.167465,29.29165224516553,67.7018025267027,0.8573438552320802,2.149201372899681,0.8337976034124914,pos,Controladores de processos de produção de metais,3,Técnicos e profissionais de nível médio
7511,4790864.20226054,9236,-1.16753735,70.1793716722611,23.55099995445974,1.9525554715940445,4.31707290168512,4.879141982607116,pos,Magarefes e afins,7,"Operários, artesãos da construção e ofícios mecânicos"
8141,1417446.13152134,2520,-1.16763692,72.96019498953804,23.296272047793735,1.14676441046391,2.5967685522043054,9.784002759158987,pos,Operadores de máquinas para fabricar produtos de borracha,8,Operadores de instalações e máquinas e montadores
7126,1384807.0581647,2663,-1.1734149999999999,71.23237538352876,22.256080756091354,2.6100566645919097,3.9014871957879755,9.039895242191598,pos,Bombeiros e encanadores,7,"Operários, artesãos da construção e ofícios mecânicos"
7516,105667.07377047,262,-1.1988423333333333,66.2423671445102,17.391284633648286,4.383447602744947,11.982900619096569,26.31437005276371,pos,Trabalhadores qualificados da preparação do fumo e seus produtos,7,"Operários, artesãos da construção e ofícios mecânicos"
9129,253320.14251273,473,-1.210591,55.07372132175509,38.170356552058166,2.407810311603472,4.3481118145832856,7.113479140403869,pos,Outros trabalhadores de limpeza,9,Ocupações elementares
8152,431154.62325698,829,-1.241662,60.654932305314915,30.00973271685869,0.7666717296268523,8.568663248199533,3.928396620375366,pos,Operadores de teares e outras máquinas de tecelagem,8,Operadores de instalações e máquinas e montadores
8111,64689.13393495,156,-1.2652588714285713,68.7542528925279,26.739379933675757,1.7786382491396528,2.7277289246566827,2.7524047281706285,pos,Mineiros e operadores de máquinas e de instalações em minas e pedreiras,8,Operadores de instalações e máquinas e montadores
9612,2462318.85195708,4521,-1.283373,71.39939574866739,13.71387484875926,2.965535509576463,11.921193892996893,19.836121059989907,pos,Classificadores de resíduos,9,Ocupações elementares
7132,1539999.23853189,2731,-1.284442,77.12401577912127,16.554702718951265,2.8250925962209816,3.496188905706474,9.540569272233395,pos,Lustradores,7,"Operários, artesãos da construção e ofícios mecânicos"
9216,162153.87369468,498,-1.3108405,51.67166875596856,33.24326239666129,1.4815744836549951,13.603494363715157,12.785569351879689,pos,Trabalhadores elementares da pesca e aquicultura,9,Ocupações elementares
7534,754984.54837164,1327,-1.313735,70.1243700260808,23.51307294297871,1.733644232591991,4.628912798348513,9.868769257878249,pos,"Tapeceiros, colchoeiros e afins",7,"Operários, artesãos da construção e ofícios mecânicos"
7115,1775574.76073604,3924,-1.323631,73.72876580118351,16.19142574875488,3.029593390653161,7.050215059408424,11.411146540067495,pos,Carpinteiros,7,"Operários, artesãos da construção e ofícios mecânicos"
9312,352197.0490847,639,-1.339075,55.286668053800604,33.014849002860984,5.864434309943592,5.8340486333948105,5.054328944866588,pos,"Trabalhadores elementares de obras públicas e da manutenção de estradas, represas e similares",9,Ocupações elementares
7113,692452.80867415,1237,-1.3487447,75.7317426000733,20.47510634396243,1.2438564801195529,2.549294575844702,8.923150567131085,pos,"Canteiros, cortadores e gravadores de pedras",7,"Operários, artesãos da construção e ofícios mecânicos"
9213,124326.85826017,485,-1.3548905,53.58271724568585,34.29275990422689,0.9280795268861863,11.196443323201057,7.629800468856359,pos,Trabalhadores elementares da agropecuária,9,Ocupações elementares
9329,6524542.98014636,11160,-1.3622159999999999,46.41933389257238,46.86734430868918,2.725200632187097,3.9881211665513345,4.058827470728507,pos,Trabalhadores elementares da indústria de transformação não classificados anteriormente,9,Ocupações elementares
7535,71815.11371692,142,-1.370968,68.7515322689805,27.07352288403972,0.0,4.174944846979771,1.869536513400637,pos,Trabalhadores qualificados do tratamento de couros e peles,7,"Operários, artesãos da construção e ofícios mecânicos"
7125,656366.59266814,1198,-1.388901,73.09287559790762,22.69397552027255,2.0463912532595407,2.1667576285602945,15.050293621088999,pos,Vidraceiros,7,"Operários, artesãos da construção e ofícios mecânicos"
8151,175059.69464255,305,-1.392929,67.02672121345806,26.89210448487822,1.3971616766120065,4.68401262505171,1.6202292822576378,pos,"Operadores de máquinas de preparação de fibras, fiação e bobinamento de fios",8,Operadores de instalações e máquinas e montadores
5153,7021692.88827251,12918,-1.436201,77.99767912694911,17.278889832955254,1.5773138689726591,3.146117171122962,4.062969656604469,pos,Porteiros e zeladores,5,"Serviços, vendedores do comércio e mercados"
7211,199802.09212454,266,-1.443244,48.533962280281315,48.105526979785125,0.8841353300019533,2.4763754099316095,5.010499013363206,pos,Moldadores de metal e macheiros,7,"Operários, artesãos da construção e ofícios mecânicos"
7124,145608.14093582,206,-1.4436935000000002,51.41800010255652,33.71875875313526,4.2581437205163954,10.60509742379182,13.3241496310551,pos,Instaladores de material isolante térmico e acústico,7,"Operários, artesãos da construção e ofícios mecânicos"
7122,926368.03306998,1656,-1.45993825,73.17454202291657,19.187120376039644,2.465440983063115,5.172896617980676,22.287536423165253,pos,"Aplicadores de revestimentos cerâmicos, pastilhas, pedras e madeiras",7,"Operários, artesãos da construção e ofícios mecânicos"
9111,36336653.14441983,83145,-1.480657,75.05469237524868,8.049689403891584,3.554908217593126,13.34071000326661,11.889038391464387,pos,Trabalhadores dos serviços domésticos em geral,9,Ocupações elementares
7112,23465517.99298379,48594,-1.4959015,72.39868207660042,18.002136290190336,3.3300656032277858,6.269116029981463,22.747961601724754,pos,Pedreiros,7,"Operários, artesãos da construção e ofícios mecânicos"
7114,133876.81085178,256,-1.5120674666666667,52.11744752285233,40.460210850588425,3.021021136972469,4.401320489586761,7.003893646190414,pos,Trabalhadores em cimento e concreto armado,7,"Operários, artesãos da construção e ofícios mecânicos"
9321,1718099.58780325,3137,-1.51362,51.36467162696289,40.09330264290378,2.7846218853138276,5.757403844819507,4.784680863653088,pos,empacotadores manuais,9,Ocupações elementares
9112,23131039.29049511,49213,-1.515585,76.12986970711941,15.821154901951989,2.4496062303004593,5.599369160628149,5.909729173500702,pos,"Trabalhadores de limpeza de interior de edifícios, escritórios, hotéis e outros estabelecimentos",9,Ocupações elementares
9311,310733.40010367,940,-1.543154,58.421752204790536,25.27909164862352,4.766062109418255,11.533094037167693,15.56187392078728,pos,Trabalhadores elementares de minas e pedreiras,9,Ocupações elementares
9211,11838547.64466791,37426,-1.601349,56.36739187098604,23.86464920286075,4.2752589272268136,15.492699998926396,12.59696506176989,pos,Trabalhadores elementares da agricultura,9,Ocupações elementares
7214,1052099.51726846,1923,-1.6091229999999999,72.57513905735074,19.576055470878835,2.9610505765546957,4.88775489521574,7.490601663954439,pos,Montadores de estruturas metálicas,7,"Operários, artesãos da construção e ofícios mecânicos"
9122,2428124.3975947,4499,-1.629897,70.6779796117951,20.769243761787372,4.1223545526806715,4.430422073736865,16.779630384167735,pos,Lavadores de veículos,9,Ocupações elementares
9412,6303987.10045577,11688,-1.630702,56.99397158110918,29.685658335162223,4.308136425563071,9.01223365816551,7.882273977557836,pos,Ajudantes de cozinha,9,Ocupações elementares
7123,1084711.24300584,1904,-1.6481109999999999,82.40718874608264,9.626587027177253,3.215714750560698,4.750509476179423,23.972338575587493,pos,Gesseiros,7,"Operários, artesãos da construção e ofícios mecânicos"
7131,6088636.38876913,10869,-1.6577600000000001,77.28457953643725,12.5466790766793,4.236056954856194,5.93268443202726,21.360967644296124,pos,Pintores e empapeladores,7,"Operários, artesãos da construção e ofícios mecânicos"
9214,620751.9944000801,1424,-1.712821,50.104632207781805,38.498484322208654,2.230867448267324,9.16601602174221,10.03599806881795,pos,Trabalhadores elementares da jardinagem e horticultura,9,Ocupações elementares
9313,15166571.15501775,31078,-1.7313417142857144,57.42185916013428,25.499227096729626,7.399433593996744,9.679480149139343,18.757031295858706,pos,Trabalhadores elementares da construção de edifícios,9,Ocupações elementares
7121,287615.1837872,480,-1.752941,81.9633532645289,11.670152653716517,3.507875475227181,2.8586186065273957,20.06341680258073,pos,Telhadores,7,"Operários, artesãos da construção e ofícios mecânicos"
3421,183981.35130653,323,-1.814336,62.297977566539544,19.539143334271643,4.8874540998185205,13.275424999370298,22.89634121205592,pos,Atletas e esportistas,3,Técnicos e profissionais de nível médio
9121,560508.96440438,1059,-1.950063,61.429982945357985,28.07328223298648,2.037842225982987,8.458892595672554,5.748890942861229,pos,Lavadeiros de roupas e passadeiros manuais,9,Ocupações elementares
1211,1485952.81967673,2975,1.446232,58.13670864059498,39.15607340950245,0.6824877941747263,2.0247301557278328,6.247641671816038,pre,Dirigentes financeiros,1,Diretores e gerentes
2619,678713.06524998,1523,1.431593,77.6562494180381,21.056663815507022,0.4108612496739081,0.8762255167809742,6.744839299378315,pre,Profissionais em direito não classificados anteriormente,2,Profissionais das ciências e intelectuais
2411,2599182.05655966,5126,1.426218,77.26894684544745,19.76158635680701,1.4128051096390952,1.5566616881064603,4.9014307390373295,pre,Contadores,2,Profissionais das ciências e intelectuais
2413,791792.68883285,984,1.4173156666666666,68.12445623430553,28.751882725911816,1.539890361778423,1.5837706780042247,2.45233363763727,pre,Analistas financeiros,2,Profissionais das ciências e intelectuais
2634,1349969.24601713,2574,1.4162299999999999,89.80627563131223,6.80147340212027,1.504419616848467,1.8878313497190398,14.808893597801408,pre,Psicólogos,2,Profissionais das ciências e intelectuais
2631,138447.12254238,201,1.403764,54.68675485535363,39.39169359914638,5.6090510538219185,0.31250049167806565,10.759533049500131,pre,Economistas,2,Profissionais das ciências e intelectuais
2412,70548.43840952,108,1.390682,64.85976121882075,31.585077092285424,0.1481389604218836,3.4070227284719365,10.309265983654841,pre,Assessores financeiros e em investimentos,2,Profissionais das ciências e intelectuais
3312,219570.65494701,364,1.38556,45.78297959710051,50.744440443883164,1.9158770662654132,1.5567028927509154,3.1359649705949426,pre,Agentes de empréstimos e financiamento,3,Técnicos e profissionais de nível médio
3352,195471.30589278,429,1.36682,63.70680895708149,34.5688106339068,0.746817226158836,0.9775631828528664,2.831654134673745,pre,Agentes da administração tributária,3,Técnicos e profissionais de nível médio
2421,2082868.01471469,3624,1.3648600000000002,51.98916953342007,44.89356061713921,1.3631615296004864,1.7541083198402256,5.788306948538248,pre,Analistas de gestão e administração,2,Profissionais das ciências e intelectuais
4416,237923.57998398,392,1.353098,60.766903340094366,33.19773292961594,2.2720659183205942,3.7632978119691054,4.416225758098828,pre,Trabalhadores do serviço de pessoal,4,Apoio administrativo
2143,102701.94484891,224,1.343561,76.67344171342289,19.766793738383257,3.4344129471607863,0.12535160103308163,8.721562433993707,pre,Engenheiros de meio ambiente,2,Profissionais das ciências e intelectuais
2265,572475.91828278,1141,1.342809,85.7051955460802,8.725463959610476,2.284967145040372,3.284373349268947,8.141452736709985,pre,Dietistas e nutricionistas,2,Profissionais das ciências e intelectuais
2145,142688.99850012,199,1.341336,75.73988651963111,18.978015465277892,3.947424858895137,1.3346731561958496,3.768559418131403,pre,Engenheiros químicos,2,Profissionais das ciências e intelectuais
2611,4596384.1636869,8633,1.328783,87.93157940903947,8.121685285979737,1.5323829469794048,2.4143523580013992,15.963874769306786,pre,Advogados e juristas,2,Profissionais das ciências e intelectuais
3321,759869.13975281,1285,1.3280349999999999,71.23132419014495,24.365718516046954,2.102700139877233,2.3002571539308683,8.68322307805261,pre,Agentes de seguros,3,Técnicos e profissionais de nível médio
2351,1731401.29130743,3922,1.301855,78.28908488795719,18.77396667792977,0.8280680565817721,2.1088803775312677,4.783369401093184,pre,Especialistas em métodos pedagógicos,2,Profissionais das ciências e intelectuais
1212,704647.14552643,1183,1.3010249999999999,48.190483333509164,47.76018788500765,2.6885590744028964,1.3607697070802907,4.177112381250278,pre,Dirigentes de recursos humanos,1,Diretores e gerentes
4227,115258.49466082,237,1.297031,62.301857421220454,27.141689146548558,6.215299096000249,4.341154336230744,6.717949805617481,pre,Entrevistadores de pesquisas de mercado,4,Apoio administrativo
1222,147934.15767479,218,1.294038,39.7710027372381,55.85904017819503,0.8549252187343833,3.5150318658324844,10.681101519177496,pre,Dirigentes de publicidade e relações públicas,1,Diretores e gerentes
1221,2580779.22558172,4063,1.290656,62.724815783384145,34.663666597809105,1.093327163204403,1.5181904556023422,5.0454502893849105,pre,Dirigentes de vendas e  comercialização,1,Diretores e gerentes
3311,448760.20050301,831,1.2862464999999998,46.99006680464354,48.42113560579745,1.5930874000027813,2.9957101895562266,2.4821717641712806,pre,"Agentes e corretores de bolsa, câmbio e outros serviços financeiros",3,Técnicos e profissionais de nível médio
2432,174943.69169498,289,1.284927,60.71056924167667,35.788075806057826,1.5570742779311253,1.9442806743343866,5.312278140734827,pre,Profissionais de relações públicas,2,Profissionais das ciências e intelectuais
2521,73731.39780883,83,1.284863,57.578552008068854,41.279728445498556,0.0,1.1417195464325798,3.7755487907421483,pre,Desenhistas e administradores de bases de dados,2,Profissionais das ciências e intelectuais
2142,1248600.68537354,2301,1.282867,79.77455084620217,16.531344162427533,1.9594182666295967,1.7346867247406872,10.771630010441772,pre,Engenheiros civis,2,Profissionais das ciências e intelectuais
2423,924213.58507013,1450,1.277449425,53.355466532181296,42.98817899170657,1.783365163727839,1.8729893123843127,2.782564455214344,pre,Especialistas em políticas e serviços de pessoal e afins,2,Profissionais das ciências e intelectuais
4312,417534.92157449,685,1.2729534,49.35570360747333,45.031674752131465,3.953987581264256,1.6586340591309479,2.5887946764462084,pre,"Trabalhadores de serviços estatísticos, financeiros e de seguros",4,Apoio administrativo
2514,268115.39700186,452,1.271506,76.48337285643242,21.189446735153762,1.2141371985130651,1.1130432099007512,5.963246080168513,pre,Programadores de aplicações,2,Profissionais das ciências e intelectuais
1342,232044.72745337,516,1.260259,54.92746061121579,43.09482071459155,0.4125231441366608,1.565195530056003,4.567706700427107,pre,Dirigentes de serviços de saúde,1,Diretores e gerentes
4313,58882.026975709996,112,1.257632,65.60066346098807,31.745129034048343,1.5642539084767912,1.0899535964867892,3.5242710806222775,pre,Trabalhadores encarregados de folha de pagamento,4,Apoio administrativo
4214,384197.01780908,723,1.257279,63.84185065069909,27.727504035940186,5.611200822505155,2.8194444908555854,4.02992053698892,pre,Cobradores e afins,4,Apoio administrativo
2636,675722.6899179,1616,1.2467405,84.35713607562155,7.532298739841808,0.8925798067662117,7.217985377770418,45.65915892227705,pre,"Ministros de cultos religiosos, missionários e afins",2,Profissionais das ciências e intelectuais
2512,516982.19471705,676,1.2421155,83.253527350204,13.57157202677381,1.5138861721381136,1.6610144508840956,6.2995728301896365,pre,Desenvolvedores de programas e aplicativos (software),2,Profissionais das ciências e intelectuais
2310,1560494.17156972,3322,1.2398400742857143,93.12455113593148,3.2902289215861122,0.6486846827407021,2.936535259741705,3.6254223574157574,pre,Professores de universidades e do ensino superior,2,Profissionais das ciências e intelectuais
4110,20092885.69050472,42431,1.2383682999999999,70.01515446553842,24.13240262789797,2.697899884270458,3.15454302229315,4.667050601025634,pre,Escriturários gerais,4,Apoio administrativo
4323,425715.93793652003,593,1.234523,44.75950276271672,44.503272666451736,6.90655475058784,3.8306698202437,2.4293083002219924,pre,Trabalhadores de serviços de transporte,4,Apoio administrativo
4229,525526.51346752,1021,1.226286,75.1511723201526,18.247280826979253,2.4876879900013145,4.113858862866838,4.582805667138323,pre,Trabalhadores de serviços de informação ao cliente não classificados anteriormente,4,Apoio administrativo
2643,124970.08274792,203,1.2196835,64.39698378518291,23.211146716663315,3.512089195153571,8.879780303000208,15.940790976826062,pre,"Tradutores, intérpretes e linguistas",2,Profissionais das ciências e intelectuais
3339,531021.17171877,1025,1.2082368571428572,41.39900407256126,48.516472998124996,4.088100318523393,5.996422610790347,14.886517593587351,pre,Agentes de serviços comerciais não classificados anteriormente,3,Técnicos e profissionais de nível médio
2431,1765546.63403723,2456,1.2073422,64.862092805527,29.692660797572096,2.7333609183890615,2.7118854785118365,9.797225014242082,pre,Profissionais da publicidade e da comercialização,2,Profissionais das ciências e intelectuais
2356,99746.44561948,175,1.198409,65.7537103233499,27.50843007106449,1.1802949570804806,5.557564648505131,7.981479165723385,pre,Instrutores em tecnologias da informação,2,Profissionais das ciências e intelectuais
2424,141831.43476559,174,1.198409,64.0675851570161,31.470325968445145,1.5678339546563658,2.8942549198823913,5.120598350515655,pre,Especialistas em formação de pessoal,2,Profissionais das ciências e intelectuais
2330,3873217.66802059,8711,1.191325,91.85872901361643,4.721882638237665,1.134066181976326,2.285322166169597,7.065349533769609,pre,Professores do ensino médio,2,Profissionais das ciências e intelectuais
4311,1342568.84696726,2437,1.1866020000000002,65.32427192330262,30.096845493455966,1.8304761384739405,2.7484064447674776,2.6215092799744886,pre,Trabalhadores de contabilidade e cálculo de custos,4,Apoio administrativo
2511,1765920.18720736,2499,1.1762095000000001,80.77891794973651,17.52021442819668,0.6897393195717747,1.0111283024950355,3.2040304992839648,pre,Analistas de sistemas,2,Profissionais das ciências e intelectuais
2642,837074.59034485,1333,1.1574499999999999,75.91678969501376,18.74797737919433,3.139371936748278,2.1958609890436254,11.394960536361783,pre,Jornalistas,2,Profissionais das ciências e intelectuais
2359,1289665.38725623,2954,1.1496293499999999,61.14464971607765,19.983932957826887,6.871004416016165,12.000412910079298,23.349659179500787,pre,Profissionais de ensino não classificados anteriormente,2,Profissionais das ciências e intelectuais
3344,389434.76282874,847,1.140286,62.66781801070997,31.02997648178739,3.4651914058063684,2.8370141016962536,4.932072506949306,pre,Secretários de medicina,3,Técnicos e profissionais de nível médio
2141,250447.19265421,310,1.13787,75.22644753917238,24.257277520376093,0.29264101082653804,0.2236339296249943,1.426059596814672,pre,Engenheiros industriais e de produção,2,Profissionais das ciências e intelectuais
3334,1469183.81165847,2890,1.136554125,74.46842470075416,17.670348912991173,3.290216719138189,4.571009667116501,23.406949628396106,pre,Agentes imobiliários,3,Técnicos e profissionais de nível médio
2151,421948.96956495,681,1.126725,74.89260142356696,23.007194439341923,0.5538990064017529,1.5463051306893727,2.843677881369571,pre,Engenheiros eletricistas,2,Profissionais das ciências e intelectuais
5244,1046737.36664176,1736,1.118129,59.20672787190505,28.54459100146636,3.912128608811173,8.336552517817413,14.636877733449872,pre,Vendedores por telefone,5,"Serviços, vendedores do comércio e mercados"
3314,415921.01271047,730,1.1168657666666666,51.32586839544189,35.85258917296532,4.846985721940852,7.97455670965195,22.359958946715086,pre,"Profissionais de nível médio de serviços estatísticos, matemáticos e afins",3,Técnicos e profissionais de nível médio
5211,3175327.62998747,7615,1.107101,66.58022156067562,21.07255837892951,4.213811742177645,8.133408318217208,24.214216404474506,pre,Vendedores de quiosques e postos de mercados,5,"Serviços, vendedores do comércio e mercados"
5243,8286196.72081111,19104,1.107101,59.27402316105056,21.522967331646086,5.4104031427310595,13.792606364572297,17.77659911483852,pre,Vendedores a domicilio,5,"Serviços, vendedores do comércio e mercados"
9520,1772812.28297694,4062,1.107101,39.76741580046232,44.15427795220677,5.526833193658429,10.55147305367248,36.353318570698,pre,Vendedores ambulantes (exclusive de serviços de alimentação),9,Ocupações elementares
2433,410106.1993994,677,1.1036967500000001,41.20577110609636,55.8695623097434,1.4476167432350064,1.4770498409252224,7.0598774594604325,pre,Profissionais de vendas técnicas e médicas (exclusive tic),2,Profissionais das ciências e intelectuais
2641,184875.13481668,301,1.1000497999999999,67.13353468108689,20.943855419114612,2.8262119245480237,9.096397975250476,10.372996753154677,pre,Escritores,2,Profissionais das ciências e intelectuais
4120,2835041.70564113,6330,1.099056,74.2469222330764,19.74183928458083,2.082811475278759,3.9284270070639984,6.230076170275392,pre,Secretários (geral),4,Apoio administrativo
2341,8011800.45532222,20511,1.0866970500000002,91.66837510491432,4.813367356076699,1.1285457628239979,2.3897117761849964,6.064036620956181,pre,Professores do ensino fundamental,2,Profissionais das ciências e intelectuais
3322,1875353.44580181,3579,1.0831339,44.61723216240512,50.75616433694844,2.3978513584487477,2.2287521421976826,11.496608238155982,pre,Representantes comerciais,3,Técnicos e profissionais de nível médio
1223,211367.41692777,289,1.08245825,60.47956305195432,37.064674903839524,0.8603729678794075,1.595389076326742,4.3394921115586,pre,Dirigentes de pesquisa e desenvolvimento,1,Diretores e gerentes
4225,567210.28830786,1071,1.081472,66.01396647197673,27.26885312623695,3.5500994859620576,3.1670809158242657,4.686284980631065,pre,Trabalhadores dos serviços de informações,4,Apoio administrativo
2353,519023.7882579,898,1.0668776666666666,80.2107240108864,11.99745743254022,2.5721454479426824,5.2196731086307,11.60870010317498,pre,Outros professores de idiomas,2,Profissionais das ciências e intelectuais
1330,551330.43173437,773,1.059853,53.265545598002554,44.81742131042339,1.2630183810159092,0.6540147105581371,3.2203627959994443,pre,Dirigentes de serviços de tecnologia da informação e comunicações,1,Diretores e gerentes
2161,936974.63971973,1585,1.047142,85.42024733139635,10.18264104094496,1.822179258620143,2.5749323690385504,14.825016747532315,pre,Arquitetos de edificações,2,Profissionais das ciências e intelectuais
3313,990316.32720527,1978,1.039749,51.06249603599312,43.529554495553924,1.9832028157794168,3.4247466526735435,6.729136884998153,pre,Contabilistas e guarda livros,3,Técnicos e profissionais de nível médio
3341,1838007.3624227,3251,1.038688,41.02067304040076,55.82146207688085,1.926177382626827,1.2316875000915632,3.04665527898324,pre,Supervisores de secretaria,3,Técnicos e profissionais de nível médio
3323,628439.49092001,979,1.0322374,54.868383656565335,40.592135786095405,2.123859252493954,2.4156213048453066,2.282166521477937,pre,Agentes de compras,3,Técnicos e profissionais de nível médio
1323,306218.17953257,553,1.029139,52.6958962641606,43.55533745591342,1.5293777601435714,2.2193885197824184,9.597492181412548,pre,Dirigentes de empresas de construção,1,Diretores e gerentes
7111,348047.35147373,740,1.029139,68.65588278192851,26.494814916690306,2.131235669377188,2.718066632003988,17.948016159571026,pre,Construtores de casas,7,"Operários, artesãos da construção e ofícios mecânicos"
2149,208824.86175259,293,1.02203408,73.35605200765166,23.721129557218052,0.7589924048568515,2.163826030273432,1.9524661900193216,pre,Engenheiros não classificados anteriormente,2,Profissionais das ciências e intelectuais
3342,158548.71577738,264,1.014541,61.33463003225169,32.286316866057,1.2639560079453995,5.115097093745917,5.423898983763135,pre,Secretários jurídicos,3,Técnicos e profissionais de nível médio
4226,5297542.80796454,10704,1.013186,63.89097878197973,27.080724299404267,4.114859297145019,4.913437621470988,5.3212222175271755,pre,Recepcionistas em geral,4,Apoio administrativo
1346,1163059.83254893,1936,1.01055465,63.7467877649386,34.44655524892061,0.6553100144594569,1.1513469716813203,3.183849152429067,pre,"Gerentes de sucursais de bancos, de serviços financeiros e de seguros",1,Diretores e gerentes
4223,267442.51363958,494,1.0014882,85.29537723840271,8.293667046550041,3.5264719433580636,2.8844837716891742,2.917585038435959,pre,Telefonistas,4,Apoio administrativo
4419,116096.60277046,247,0.9943220500000001,48.24598553466406,39.520377464365325,3.9944254699804858,8.239211530990142,7.997841166479103,pre,Trabalhadores de apoio administrativo não classificados anteriormente,4,Apoio administrativo
4222,2961328.97552774,4584,0.98471895,75.99928950726466,14.507274858026314,5.394797343225433,4.098638291483576,3.113704905941955,pre,Trabalhadores de centrais de atendimento,4,Apoio administrativo
2654,127142.87927721,205,0.9823426,53.52540249636865,42.72960895443097,0.8662548208467828,2.8787337283535894,16.272868867779557,pre,"Diretores de cinema, de teatro e afins",2,Profissionais das ciências e intelectuais
1112,500350.64683853,1312,0.9799637666666666,49.84200987307398,48.344760432456994,0.3710999165081909,1.4421297779608375,17.594502555455982,pre,Dirigentes superiores da administração pública,1,Diretores e gerentes
2211,677107.0821521101,1319,0.9782120750000001,90.71920046809251,5.3114514124164804,1.3629052665337176,2.60644285295729,16.784766938500766,pre,Médicos gerais,2,Profissionais das ciências e intelectuais
1213,182623.7793766,309,0.9646872,55.75432015748343,41.326998276845046,1.0524129329007388,1.8662686327707838,2.6906078498538673,pre,Dirigentes de políticas e planejamento,1,Diretores e gerentes
1349,204928.98328695,312,0.9646872,56.08320360822462,41.96321594915911,0.9247757641033318,1.028804678512945,7.807980806903445,pre,Dirigentes e gerentes de serviços profissionais não classificados anteriormente,1,Diretores e gerentes
1439,300982.88733795,604,0.9646872,42.06115201747455,53.180292304614085,0.7872384164382714,3.971317261473096,13.574703515260987,pre,Gerentes de serviços não classificados anteriormente,1,Diretores e gerentes
3353,73472.06692018,164,0.96220325,73.4969808436952,24.09532314423732,0.44837036118466217,1.9593256508828123,0.2647045333878233,pre,Agentes de serviços de seguridade social,3,Técnicos e profissionais de nível médio
2144,460000.79425675,681,0.957906975,74.86869904744498,20.27592681882234,4.068806723310687,0.786567410421986,4.151878045974615,pre,Engenheiros mecânicos,2,Profissionais das ciências e intelectuais
3343,874437.18045479,2007,0.9574445,45.36670995323596,50.676111501737765,1.5265191771551478,2.4306593678711237,8.890137255017017,pre,Secretários executivos e administrativos,3,Técnicos e profissionais de nível médio
1345,844587.80292893,1904,0.9546954999999999,70.22451341474402,28.68585448645896,0.16682635825516495,0.9228057405418538,4.701543558341482,pre,Dirigentes de serviços de educação,1,Diretores e gerentes
1120,746412.65034121,1220,0.95456165,59.192716878828996,39.3503716271577,0.4672713960225393,0.9896400979907674,6.795629457956862,pre,Diretores gerais e gerentes gerais,1,Diretores e gerentes
2635,692753.64849157,1573,0.9499703374999999,82.52562940802854,14.091980872151282,1.2984331162459342,2.083956603574248,6.13341384331854,pre,Assistentes sociais,2,Profissionais das ciências e intelectuais
1114,79018.14724984,188,0.9444178333333333,54.08496121519121,38.407470827391506,3.4374820929568903,4.070085864460387,21.30076092498063,pre,Dirigentes de organizações que apresentam um interesse especial,1,Diretores e gerentes
3514,109217.93784746,157,0.9394972500000001,55.09202281924009,38.026760828097636,3.56361293113943,3.3176034215228385,13.11768957692138,pre,Técnicos da web,3,Técnicos e profissionais de nível médio
1219,3191770.36099395,5990,0.9361512500000001,53.30703161566641,43.828245213177006,0.8912588261985438,1.973464344958048,6.397933948462739,pre,Dirigentes de administração e de serviços não classificados anteriormente,1,Diretores e gerentes
3354,33911.65116468,89,0.9321937499999999,67.31029689987828,30.62432985679734,1.0785651142118247,0.98680812911258,1.7542170698998245,pre,Agentes de serviços de expedição de licenças e permissões,3,Técnicos e profissionais de nível médio
2355,260779.57526856,522,0.9258409999999999,74.14016720840839,18.58256479135419,2.0059788421202573,5.271289158117161,13.804980234110635,pre,Outros professores de artes,2,Profissionais das ciências e intelectuais
2152,69744.13746503,117,0.9036349,82.13237904225852,16.344954011280052,0.9559408682774172,0.5667260781840079,5.775558600666152,pre,Engenheiros eletrônicos,2,Profissionais das ciências e intelectuais
2131,341610.28823649,636,0.9014893333333334,73.54344702839872,23.304169994621034,1.3916673838346871,1.7607155931455707,5.493605372085611,pre,"Biólogos, botânicos, zoólogos e afins",2,Profissionais das ciências e intelectuais
1431,167658.30933211,338,0.89730395,55.79429098803356,42.68966778552904,0.6530478594171542,0.8629933670202489,13.577262982339255,pre,"Gerentes de centros esportivos,  de diversão e culturais",1,Diretores e gerentes
2656,213624.85989762,437,0.8926460666666666,75.2423182810134,17.589950077975935,1.1764496342036956,5.991282006806956,12.374350840100838,pre,"Locutores de rádio, televisão e outros meios de comunicação",2,Profissionais das ciências e intelectuais
4221,334297.13233902,617,0.8923683333333333,61.80641817984657,33.91023437849141,2.0205267327959255,2.2628207088661028,8.376122969400797,pre,Trabalhadores de agências de viagem,4,Apoio administrativo
2113,154093.62554115,201,0.8913463666666666,68.36683792810683,30.579043114927444,1.0541189569657121,0.0,2.9943770095442876,pre,Químicos,2,Profissionais das ciências e intelectuais
1324,413680.66725276,744,0.8907923,54.42442754113277,43.138348659342235,0.40457009805370747,2.032653701471294,5.965663482765977,pre,"Dirigentes de empresas de abastecimento, distribuição e afins",1,Diretores e gerentes
2266,194020.48699605,375,0.88958665,95.1017635147983,3.098222110984254,0.46214267640328915,1.3378716978141647,11.52366918517082,pre,Fonoaudiólogos e logopedistas,2,Profissionais das ciências e intelectuais
1341,72526.01984743,151,0.838007,64.02839749578827,30.21179278134212,5.592913888886812,0.16689583398280117,5.916876276926351,pre,Dirigentes de serviços de cuidados infantis,1,Diretores e gerentes
3411,2038656.64470535,4276,0.8335613,71.26879473255002,21.190182337448245,2.322360988811923,5.218661941189802,6.492883289366418,pre,Profissionais de nível médio do direito e serviços legais e afins,3,Técnicos e profissionais de nível médio
2522,114894.91755919,156,0.7895315,72.99836884388033,27.001631156119664,0.0,0.0,2.616279103843049,pre,Administradores de sistemas,2,Profissionais das ciências e intelectuais
3513,1349078.34623096,2470,0.7860606,61.11351758444007,35.39829574827984,2.0892620086174793,1.3989246586626096,6.190595497639214,pre,Técnicos de redes e sistemas de computadores,3,Técnicos e profissionais de nível médio
2622,188855.45696415,416,0.7439546,77.9752784690793,19.640870140064518,0.12517134330711738,2.258680047549074,2.661916082219258,pre,"Bibliotecários, documentaristas e afins",2,Profissionais das ciências e intelectuais
4224,375404.51148872,814,0.73107235,74.7064010734944,17.57635237943563,3.6090604760894136,4.108186070980538,5.943973531100014,pre,Recepcionistas de hotéis,4,Apoio administrativo
2163,129113.32296121,254,0.72359645,58.88623477283099,36.293070594517296,1.5478024515742328,3.2728921810774763,8.228133135045955,pre,Desenhistas de produtos e  vestuário,2,Profissionais das ciências e intelectuais
2166,741379.50825527,1210,0.71078045,64.76684626865207,28.525776751492927,2.8423089283310885,3.8650680515239024,12.758410975967811,pre,Desenhistas gráficos e de multimídia,2,Profissionais das ciências e intelectuais
3511,921113.23040124,1520,0.7040519,64.10269645596023,30.99833726661491,2.6767194722146463,2.2222468052102187,7.763035701452821,pre,Técnicos em operações de tecnologia da informação e das comunicações,3,Técnicos e profissionais de nível médio
4322,397441.66020211,763,0.6999103,38.41964511928325,56.63716882660375,3.4163160207981935,1.5268700333148126,2.4814170664619377,pre,Trabalhadores de serviços de apoio à produção,4,Apoio administrativo
2262,920851.7616254,1731,0.6058705,85.01383115821437,12.54844253449364,0.8334861336105679,1.6042401736814287,2.9829140856021676,pre,Farmacêuticos,2,Profissionais das ciências e intelectuais
1420,3243195.4977096,6592,0.5748773,53.471462547078794,42.44948719954287,1.5845307483459672,2.4945195050323603,6.0463049602232,pre,Gerentes de comércios atacadistas e varejistas,1,Diretores e gerentes
5221,17371941.41170935,40950,0.5748773,73.0043889704873,20.445368432203377,1.259338244082226,5.290904353227097,15.309701762540813,pre,Comerciantes de lojas,5,"Serviços, vendedores do comércio e mercados"
2133,128262.4821711,303,0.54157215,62.56674514776589,31.869100988834386,4.569392299432063,0.9947615639676499,8.303812636189097,pre,Profissionais da proteção do meio ambiente,2,Profissionais das ciências e intelectuais
2352,137646.10232489,372,0.54047012,80.9249460067268,16.35745305596489,1.04122967310939,1.6763712641989332,8.897543035753046,pre,Educadores para necessidades especiais,2,Profissionais das ciências e intelectuais
3118,363299.38459887,630,0.52637895,65.01726095735252,28.71468327005944,2.1861528830799917,4.081902889508067,6.318912164865381,pre,Desenhistas e projetistas técnicos,3,Técnicos e profissionais de nível médio
2354,325840.50909379,595,0.526352,77.00630306762231,12.977553031475756,3.1014785145437767,6.914665386358153,18.225543976944106,pre,Outros professores de música,2,Profissionais das ciências e intelectuais
5165,285488.79459774,562,0.526352,83.16793694757679,12.880535646439242,1.7641047890112196,2.1874226169727335,4.784651197313789,pre,Instrutores de autoescola,5,"Serviços, vendedores do comércio e mercados"
1321,1380317.185896,2563,0.5086878,52.98459949104342,43.793429092180915,1.422355035466642,1.7996163813090362,5.328611467002094,pre,Dirigentes de indústria de transformação,1,Diretores e gerentes
2269,225816.57139407,421,0.5015898000000001,76.52648602771286,16.43166871342577,5.081965889940613,1.9598793689207379,14.308772058438379,pre,Profissionais da saúde não classificados anteriormente,2,Profissionais das ciências e intelectuais
2212,1429549.29884098,2291,0.49084064000000005,93.95653598220186,4.653838503247909,0.18646689094417943,1.2031586236060547,16.837793336482928,pre,Médicos especialistas,2,Profissionais das ciências e intelectuais
5113,112271.55841647,262,0.4652621333333333,64.35167367224174,21.918641165630333,6.042224127966402,7.687461034161515,17.851290568626514,pre,Guias de turismo,5,"Serviços, vendedores do comércio e mercados"
3412,561927.21977933,1356,0.4652255,62.19427644404962,31.568198667600655,1.7393034331038437,4.498221455245881,15.312739207543599,pre,Trabalhadores e assistentes sociais de nível médio,3,Técnicos e profissionais de nível médio
5312,1595701.29778207,3452,0.4516636,61.06810610352116,29.054568680180598,4.224620091667865,5.6527051246303675,8.166649032909739,pre,Ajudantes de professores,5,"Serviços, vendedores do comércio e mercados"
2652,643776.20698017,1215,0.43947915000000004,78.60769389095216,12.460495232877681,4.260772253869571,4.67103862230057,22.116898603646597,pre,"Músicos, cantores e compositores",2,Profissionais das ciências e intelectuais
2132,257417.88426052,611,0.4360305666666666,70.90488128584273,25.29773093458135,0.8928541851015364,2.9045335944743793,9.833968771905198,pre,Agrônomos e afins,2,Profissionais das ciências e intelectuais
1411,207050.23591657,491,0.4021726,68.50515304696097,25.29806691120769,2.49208332792865,3.7046967139026896,11.182402666362968,pre,Gerentes de hotéis,1,Diretores e gerentes
4212,405231.88824035,868,0.3839394,61.56772235383398,24.573002340019745,6.5108176594414,7.348457646704876,12.852149526502815,pre,Coletores de apostas e de jogos,4,Apoio administrativo
7321,121656.6211583,181,0.3772858,54.796312721889215,40.64127761903185,2.436504738294193,2.12590492078475,4.666636109395697,pre,Trabalhadores da pré-impressão gráfica,7,"Operários, artesãos da construção e ofícios mecânicos"
3332,1005115.35110811,1945,0.3740207,56.31674895051763,32.070547239182936,5.2791212662486195,6.333582544050818,19.77660071095233,pre,Organizadores de conferências e eventos,3,Técnicos e profissionais de nível médio
2320,573024.14941396,1103,0.3518627,51.88294183589737,42.16529031600395,2.3577783686326543,3.5939894794660225,10.636508154890814,pre,Professores de formação profissional,2,Profissionais das ciências e intelectuais
3114,935355.48876714,1619,0.3515252,60.30385143794825,35.685505249214,2.0395646786839596,1.9710786341537767,6.631128881239317,pre,Técnicos em eletrônica,3,Técnicos e profissionais de nível médio
3522,363586.16199036,652,0.3515252,59.19379246870295,37.35263284894777,2.238919047853077,1.2146556344961934,2.6814616117451626,pre,Técnicos de engenharia de telecomunicações,3,Técnicos e profissionais de nível médio
3331,77780.63647863,109,0.32954685000000006,71.80938257395434,24.127175106706446,3.3049826714574153,0.7584596478817983,2.795567051411793,pre,Despachantes aduaneiros,3,Técnicos e profissionais de nível médio
4132,169694.64471475,408,0.3108081,74.60595250836126,19.919771743711642,2.8202597727816365,2.654015975145472,5.025400985305302,pre,Operadores de entrada de dados,4,Apoio administrativo
3512,440556.92617557,805,0.299343,58.6539393642158,35.461612321047056,2.271918259435022,3.612530055302133,5.06303344969915,pre,Técnicos em assistência ao usuário de tecnologia da informação e das comunicações,3,Técnicos e profissionais de nível médio
3230,102118.37808262,201,0.2295568,52.36923060498124,32.8674609772768,1.39043135983606,13.372877057905882,26.51186290245036,pre,Profissionais de nível médio de medicina tradicional e alternativa,3,Técnicos e profissionais de nível médio
2221,2268209.0242507,4632,0.220262,85.551523547598,11.902328609838577,1.0437539505098956,1.502393892053532,4.68092525968292,pre,Profissionais de enfermagem,2,Profissionais das ciências e intelectuais
3521,429714.86254306,839,0.21222430000000003,60.61173423145778,30.966261464765893,4.368677383538411,4.053326920237915,10.751697179000614,pre,Técnicos de radiodifusão e gravação audiovisual,3,Técnicos e profissionais de nível médio
3131,49286.78778434,109,0.20973637500000003,66.94208731018276,32.01760911732065,0.0,1.0403035724965923,0.0,pre,Operadores de instalações de produção de energia,3,Técnicos e profissionais de nível médio
3422,213398.55533867,403,0.20355236666666668,65.27858337234913,26.538493817213144,3.198345285658924,4.984577524778799,15.208282931699175,pre,"Treinadores, instrutores e árbitros de atividades esportivas",3,Técnicos e profissionais de nível médio
3111,131758.43919336,263,0.19872533333333334,73.17058629110045,18.397703853247652,4.648082088546679,3.7836277671052185,3.7265493716899862,pre,Técnicos em ciências físicas e químicas,3,Técnicos e profissionais de nível médio
2342,3783995.48295334,8683,0.19752095,87.86529371538303,7.747123692414894,1.7274392865966377,2.6601433056054558,5.364217036657853,pre,Professores do ensino pré-escolar,2,Profissionais das ciências e intelectuais
3116,290608.26254028,460,0.1941278,60.62713101951538,36.80644380875472,1.6792880076138137,0.8871371641160813,2.39122645196058,pre,Técnicos em química industrial,3,Técnicos e profissionais de nível médio
5212,2014892.08826528,4883,0.19004019999999994,66.31334372157772,16.01007851315499,6.696044462551261,10.980533302716035,39.38634667178309,pre,Vendedores ambulantes de serviços de alimentação,5,"Serviços, vendedores do comércio e mercados"
3359,90496.75457931,220,0.1704867,66.17736797597705,31.328391438141146,0.19545652697771798,2.2987840589040887,2.573767422284521,pre,Agentes da administração pública para aplicação da lei e afins não classificados anteriormente,3,Técnicos e profissionais de nível médio
2655,83537.0989711,113,0.1590935,79.39212297711649,13.093048636002852,1.6753189441446843,5.839509442735986,20.861622556286285,pre,Atores,2,Profissionais das ciências e intelectuais
3141,103399.38706541,194,0.15909035,62.57874971602856,23.69816975374531,2.9156427881156977,10.807437742110416,6.800348265208498,pre,Técnicos e profissionais de nível médio em ciências biológicas (exclusive da medicina),3,Técnicos e profissionais de nível médio
3112,747536.46438035,1449,0.15467016,68.26596486324476,24.513150962060802,2.566953031416598,4.65393114327783,6.595463567408712,pre,Técnicos em engenharia civil,3,Técnicos e profissionais de nível médio
5169,50656.34875732,95,0.151064075,29.17223917986415,45.5018028089119,15.003300573058143,10.322657438165821,30.27595641608994,pre,Trabalhadores de serviços pessoais não classificados anteriormente,5,"Serviços, vendedores do comércio e mercados"
3117,219151.82036427,351,0.13869684999999998,42.302905634688024,54.28941519761183,1.532133512610548,1.875545655089585,1.1076547629424407,pre,Técnicos em engenharia de minas e metalurgia,3,Técnicos e profissionais de nível médio
3119,713226.2751903,1105,0.13633781,50.25226970483258,39.35531350709442,3.6329475000499385,6.759469288023046,5.857096245613311,pre,Técnicos em ciências físicas e da engenharia não classificados anteriormente,3,Técnicos e profissionais de nível médio
3257,841948.6988017,1633,0.13325945,72.93781851025085,22.87898557223268,2.405982358127003,1.7772135593894587,4.5880079694887455,pre,"Inspetores de saúde laboral, ambiental e afins",3,Técnicos e profissionais de nível médio
5242,575742.67621635,1000,0.1235652,53.11074989233159,38.26411102943921,5.812779363922144,2.8123597143070564,5.14920557745383,pre,Demonstradores de lojas,5,"Serviços, vendedores do comércio e mercados"
4411,61996.61759787,145,0.12092844999999999,52.5520437120639,43.81709010874042,1.3065830685194375,2.32428311067623,0.8061558395667174,pre,Trabalhadores de bibliotecas,4,Apoio administrativo
3256,190640.78507457,336,0.11426285,66.38169989047134,15.538984502264109,3.8992069400912146,14.180108667173336,7.698266853229104,pre,assistentes de medicina,3,Técnicos e profissionais de nível médio
3142,202838.89307268,604,0.095719,68.63033454691383,26.71554618327755,0.648176275670787,4.005942994137839,5.115332948052227,pre,Técnicos agropecuários,3,Técnicos e profissionais de nível médio
5249,2796493.40035884,6457,0.0784367,55.11414439054266,27.25047913365858,4.956587302182937,12.678789173615822,18.20453553360779,pre,Vendedores não classificados anteriormente,5,"Serviços, vendedores do comércio e mercados"
3212,276276.06207807,630,0.07723760000000002,63.89576687274206,30.694465539520184,1.8865431239490706,3.5232244637887025,4.6402617822415815,pre,Técnicos de laboratórios médicos,3,Técnicos e profissionais de nível médio
3152,77477.64212963,219,0.06767050000000001,56.61165148429376,36.79708246875177,2.7933800360380654,3.797886010916411,5.991607559830863,pre,"Capitães, oficiais de coberta e práticos",3,Técnicos e profissionais de nível médio
3153,64011.08707228,113,0.06060062499999999,69.31426140312928,28.12084515138642,1.9344623005476342,0.6304311449366735,19.214771180569553,pre,Pilotos de aviação e afins,3,Técnicos e profissionais de nível médio
3115,1096722.9729527,2036,0.04044515,58.42267836306164,38.088336441056356,1.9853676711066266,1.5036175247753807,4.485189401348035,pre,Técnicos em engenharia mecânica,3,Técnicos e profissionais de nível médio
3253,2499747.69485445,6946,0.0371229,89.44785802706686,8.245275338247088,0.49880151332206085,1.8080651213639811,5.570776386230925,pre,Trabalhadores comunitários da saúde,3,Técnicos e profissionais de nível médio
3214,258197.09720170998,505,0.034459775,78.16206952873983,16.000255394925667,2.2108691847847006,3.6268058915497967,13.626441021297799,pre,Técnicos de próteses médicas e dentárias,3,Técnicos e profissionais de nível médio
3113,957537.54641849,1851,0.023737249999999988,52.32626673171383,42.12332941994164,2.4756757565148524,3.074728091829662,5.197580922113854,pre,Eletrotécnicos,3,Técnicos e profissionais de nível médio
5311,4994567.99700186,10564,0.023414049999999992,64.0841859950779,15.11451862131294,7.394766218648341,13.406529164960816,9.638577106671638,pre,Cuidadores de crianças,5,"Serviços, vendedores do comércio e mercados"
3432,243463.41293468,426,0.022778233333333266,52.89382239476533,32.36908265819453,3.4221513752348893,11.314943571805262,11.501544924674004,pre,Desenhistas e decoradores de interiores,3,Técnicos e profissionais de nível médio
5222,1341497.21848286,2356,0.0191826,61.06408221896965,33.0120916002273,3.0752364302411124,2.848589750561949,2.111300763326363,pre,Supervisores de lojas,5,"Serviços, vendedores do comércio e mercados"
3355,360950.7050556,759,0.016719899999999996,77.189166894119,21.486235310538756,0.0,1.3245977953422374,1.7294923122396604,pre,Inspetores de polícia e detetives,3,Técnicos e profissionais de nível médio
3213,287251.72915949,485,0.0070256,61.82573113071589,32.270926531266646,2.9095675301611004,2.993774807856361,5.808461803202882,pre,Técnicos e assistentes farmacêuticos,3,Técnicos e profissionais de nível médio
5223,18895118.0382298,38331,-0.015591999999999995,75.02494268714335,15.35384311883049,4.249083622208087,5.372130571818072,5.448356227862133,pre,Balconistas e vendedores de lojas,5,"Serviços, vendedores do comércio e mercados"
4211,436972.99475214,803,-0.022963700000000004,70.32204670717772,27.598642339589375,1.067262143977397,1.0120488092555187,1.6509131404876853,pre,Caixas de banco e afins,4,Apoio administrativo
3139,67693.30635893,146,-0.0241824,30.195046618096978,62.1406400914293,3.6697943216482427,3.99451896882548,1.6457569435288444,pre,Técnicos em controle de processos não classificados anteriormente,3,Técnicos e profissionais de nível médio
7543,1048132.52169083,1783,-0.0293395,61.588767749319764,34.18429390464125,1.9623095256351566,2.2646288204038303,2.634981144814288,pre,Classificadores e provadores de produtos (exceto de bebidas e alimentos),7,"Operários, artesãos da construção e ofícios mecânicos"
5414,7154307.02420324,16043,-0.05643486666666666,85.01417195528634,9.761665650793713,2.5046234793537017,2.719538914566253,4.892805671700557,pre,Guardas de segurança,5,"Serviços, vendedores do comércio e mercados"
2250,477198.51789537,990,-0.0749958,83.9968704620589,12.051007050358493,1.7283476622549705,2.223774825327644,9.725626843782019,pre,Veterinários,2,Profissionais das ciências e intelectuais
3122,1114726.01266194,1912,-0.0845282,44.74975358693989,53.049016017301064,0.9290721773322337,1.2721582184268094,3.215850613548984,pre,Supervisores de indústrias de transformação,3,Técnicos e profissionais de nível médio
2261,1525634.73619773,2877,-0.10369352500000001,92.37472514943777,5.527045057342747,0.562453262389117,1.5357765308303812,18.646341261098136,pre,Dentistas,2,Profissionais das ciências e intelectuais
7311,112380.9957763,225,-0.113789525,49.61034434961478,43.116144125960545,4.131229186649748,3.1422823377749225,8.045451314665627,pre,Mecânicos e reparadores de instrumentos de precisão,7,"Operários, artesãos da construção e ofícios mecânicos"
5112,697442.41983548,1389,-0.11430019999999999,78.06789707308965,13.614844548379528,3.3739004447450505,4.943357933785773,3.076425304919778,pre,Fiscais e cobradores de transportes públicos,5,"Serviços, vendedores do comércio e mercados"
4415,223096.97752607,433,-0.11658304999999997,47.12799184227174,42.07159566076633,3.882492021920742,6.917920475041192,3.9773007620823964,pre,Trabalhadores de arquivos,4,Apoio administrativo
1412,1345073.5211046,2719,-0.1213112,53.375497376114524,42.25055853306159,1.617231325401318,2.756712765422565,9.11411569422508,pre,Gerentes de restaurantes,1,Diretores e gerentes
3259,159961.75389865,275,-0.14181405,52.046419517278785,27.75329141594555,5.030912171069266,15.169376895706385,20.67030370064709,pre,Profissionais de nível médio da saúde não classificados anteriormente,3,Técnicos e profissionais de nível médio
1311,380841.20840515,1347,-0.1443684,52.21935081262842,44.86856534745263,0.7619331384495939,2.150150701469371,8.884402733337659,pre,Dirigentes de produção agropecuária e silvicultura,1,Diretores e gerentes
5230,5733958.50477328,11565,-0.14909065,77.27128681462156,13.27974901222874,4.188601514378827,5.260362658770863,4.148691030130766,pre,Caixas e expedidores de bilhetes,5,"Serviços, vendedores do comércio e mercados"
7313,228433.48053674,351,-0.1560197,64.43419582065782,23.45885500086243,6.359596471110988,5.747352707368743,8.688448717357902,pre,"Joalheiros e lapidadores de gemas, artesãos de metais preciosos e semipreciosos",7,"Operários, artesãos da construção e ofícios mecânicos"
3431,717362.48199649,1367,-0.1680973,73.34525922697546,17.66018785766107,4.892187735014897,4.102365180348577,14.85415483366374,pre,Fotógrafos,3,Técnicos e profissionais de nível médio
2264,1136650.35696425,2232,-0.19569115,89.75970938421473,6.187581864386614,1.8331013951973871,2.219607356201272,16.921414509136635,pre,Fisioterapeutas,2,Profissionais das ciências e intelectuais
3211,383589.70027244,734,-0.20522642000000002,84.98084506627141,11.449674045137872,1.6372713270619474,1.9322095615287544,5.275028820711219,pre,Técnicos em aparelhos de diagnóstico e tratamento médico,3,Técnicos e profissionais de nível médio
5419,286438.50685206,571,-0.24786822857142857,71.06558386392588,25.62983978321251,1.9306249416931498,1.3739514111684665,1.6654048234004073,pre,Trabalhadores dos serviços de proteção e segurança não classificados anteriormente,5,"Serviços, vendedores do comércio e mercados"
3434,226392.1294773,435,-0.26259625,27.264330522724382,65.89255050571182,3.8587102427097766,2.9844087288540204,9.285580394469074,pre,Chefes de cozinha,3,Técnicos e profissionais de nível médio
5322,3455626.32556277,7417,-0.26280396666666667,66.77564656085842,15.652612743626642,6.745277979313946,10.826462716200991,16.293033411672518,pre,Trabalhadores de cuidados pessoais a domicílios,5,"Serviços, vendedores do comércio e mercados"
3123,766107.38296856,1494,-0.3054048,43.15999464541355,52.44203717496464,1.8913394152085792,2.5066287644132332,6.761255851720516,pre,Supervisores da construção,3,Técnicos e profissionais de nível médio
5142,6511552.80147258,12611,-0.3077427,79.66332768177486,7.389709550778144,3.8362531855480877,9.110709581898913,27.501849041434625,pre,Especialistas em tratamento de beleza e afins,5,"Serviços, vendedores do comércio e mercados"
5141,6330239.74952403,13098,-0.3272021,85.01800641860086,6.3569465234594364,2.782877193144596,5.842169864795086,20.781695351897564,pre,Cabeleireiros,5,"Serviços, vendedores do comércio e mercados"
5111,83375.8225746,137,-0.33023956666666665,63.42700382433214,33.3914042847972,3.1815918908706617,0.0,1.8403094259721067,pre,Auxiliares de serviço de bordo,5,"Serviços, vendedores do comércio e mercados"
7232,55017.35073656,104,-0.33781829999999996,66.70113082339304,30.19259197869284,0.0,3.106277197914115,0.8596671081196862,pre,Mecânicos e reparadores de motores de avião,7,"Operários, artesãos da construção e ofícios mecânicos"
8331,2387988.98782724,5111,-0.343019,89.29106818379118,6.164814775942726,1.9162786705767183,2.627838369689361,4.926777052201947,pre,Condutores de ônibus e bondes,8,Operadores de instalações e máquinas e montadores
3423,1478393.54150439,2836,-0.3716062,76.48526391049332,17.906069366934368,2.7692260807041107,2.8394406418681974,20.672677086657025,pre,Instrutores de educação física e atividades recreativas,3,Técnicos e profissionais de nível médio
7512,4915242.28851066,10090,-0.3852989,62.35443155773667,24.08685486024137,3.9401611418743334,9.618552440147624,10.689411456701512,pre,"Padeiros, confeiteiros e afins",7,"Operários, artesãos da construção e ofícios mecânicos"
8321,4547454.63515098,9038,-0.40624405,74.42581613205792,16.7993125847637,4.246632781360626,4.5282385018177465,16.946684830643648,pre,Condutores de motocicletas,8,Operadores de instalações e máquinas e montadores
3255,266329.18108236,598,-0.4100433,60.96680660786015,24.018643682811938,5.808279531484593,9.206270177843315,17.096271467588334,pre,Técnicos e assistentes fisioterapeutas,3,Técnicos e profissionais de nível médio
7531,2748307.46038678,6674,-0.4305268,60.19123613415126,25.04062155953865,2.1936346437903875,12.574507662519713,14.698839539072983,pre,"Alfaiates, modistas, chapeleiros e peleteiros",7,"Operários, artesãos da construção e ofícios mecânicos"
7127,372881.02941195,778,-0.4348143,57.91692920544283,35.107165918286434,3.3601886389528395,3.615716237317907,9.77565094567568,pre,Mecânicos-instaladores de sistemas de refrigeração e climatização,7,"Operários, artesãos da construção e ofícios mecânicos"
3435,119470.09408779,204,-0.4533608,50.5215952111779,38.96881614574321,5.675241041684094,4.834347601394778,13.637167910942777,pre,Outros profissionais de nível médio em atividades culturais e artísticas,3,Técnicos e profissionais de nível médio
7421,457060.32950197,862,-0.4538065857142857,58.430587043250796,32.23913957699953,5.259206602880761,4.071066776868918,11.174870634795308,pre,Mecânicos e reparadores em eletrônica,7,"Operários, artesãos da construção e ofícios mecânicos"
9629,1071128.69978275,2677,-0.46523954,56.58284950597265,25.786852902407997,7.317468079558463,10.312829512060883,3.4212953062655114,pre,Outras ocupações elementares não classificadas anteriormente,9,Ocupações elementares
7234,229124.33471886,590,-0.47156184999999995,75.07198225506119,17.744758751765374,1.4443751734911727,5.73888381968228,11.370902328995914,pre,Reparadores de bicicletas e afins,7,"Operários, artesãos da construção e ofícios mecânicos"
3251,501631.73715873,1206,-0.47169194999999997,79.37953669278149,14.640362581293534,2.917385867823196,3.062714858101786,5.373138550949974,pre,Dentistas auxiliares e ajudantes de odontologia,3,Técnicos e profissionais de nível médio
5163,110109.86374522,213,-0.4886874,74.54261254659815,21.825934742691373,1.502902461373264,2.128550249337217,11.441719524919966,pre,Trabalhadores de funerárias e embalsamadores,5,"Serviços, vendedores do comércio e mercados"
8332,9072293.45742133,19293,-0.50121625,85.18502329024179,9.644992035193061,2.413350485454474,2.7566341891106667,8.476310484367527,pre,Condutores de caminhões pesados,8,Operadores de instalações e máquinas e montadores
8182,278141.83661555,576,-0.5032496,64.35833012401663,31.566018930999224,2.268540194172276,1.8071107508118744,3.34064849531337,pre,Operadores de máquinas de vapor e caldeiras,8,Operadores de instalações e máquinas e montadores
3132,108498.36169657,269,-0.5105174,66.31478715807981,31.2585014089963,2.3072408787068746,0.11947055421700822,4.979595031378172,pre,"Operadores de incineradores, instalações de tratamento de água e afins",3,Técnicos e profissionais de nível médio
3221,5685419.88219273,11868,-0.5137373,84.5009299060266,10.759354546331533,1.8073515104007405,2.9323640372411206,5.028223580848386,pre,Profissionais de nível médio de enfermagem,3,Técnicos e profissionais de nível médio
5164,710067.05628928,1389,-0.5372728999999999,66.38587626885366,22.070211284871082,5.151140981868179,6.3927714644070806,13.755740861600666,pre,Cuidadores de animais,5,"Serviços, vendedores do comércio e mercados"
5245,1646281.22839923,3464,-0.5374322500000001,87.53739375102546,7.248404655291354,2.458721775933444,2.7554798177497557,5.183543801560241,pre,Frentistas de posto de gasolina,5,"Serviços, vendedores do comércio e mercados"
7413,316502.18834277,632,-0.5509574500000001,69.2534353003178,27.44462425800921,1.1358061506557093,2.1661342910172796,1.960099608871951,pre,Instaladores e reparadores de linhas elétricas,7,"Operários, artesãos da construção e ofícios mecânicos"
7514,246623.18639756,763,-0.5559894,40.604111290177414,38.25497849138438,3.7609186631763656,17.379991555261846,11.25730839192081,pre,"Trabalhadores da conservação de frutas, legumes e similares",7,"Operários, artesãos da construção e ofícios mecânicos"
5412,747520.93866626,1723,-0.5603311999999999,75.83625769812262,22.620379284279363,0.08964255348845708,1.4537204641095647,2.6049345746585093,pre,Policiais,5,"Serviços, vendedores do comércio e mercados"
3240,97909.46399064,184,-0.56795015,51.21917821350544,30.800686287656642,8.47425229124625,9.505883207591669,10.941426565976938,pre,Técnicos e assistentes veterinários,3,Técnicos e profissionais de nível médio
9611,1292706.55976952,3079,-0.5683742500000001,86.36526410534084,8.511364657025517,1.7710946972079828,3.352276540425661,8.523740033140017,pre,Coletores de lixo e material reciclável,9,Ocupações elementares
8212,466371.53839992,814,-0.56928044,40.08914077551866,52.153936406878145,3.4483689618536046,4.308553855749597,6.628661334319628,pre,Montadores de equipamentos elétricos e eletrônicos,8,Operadores de instalações e máquinas e montadores
4321,4490414.93587934,8075,-0.5738983333333333,61.681779109386504,32.55124032730431,3.48418933547285,2.2827912278363223,3.771252959721374,pre,Trabalhadores de controle de abastecimento e estoques,4,Apoio administrativo
7222,353653.41538386,573,-0.583198,71.4874863632754,24.045830087321374,0.9914550593407204,3.4752284900625083,4.754460586672542,pre,Ferramenteiros e afins,7,"Operários, artesãos da construção e ofícios mecânicos"
5151,121117.16337292,236,-0.5854128,45.39641776995757,48.85777874983451,1.9355576120670137,3.8102458681408984,4.27300706206457,pre,"Supervisores de manutenção e limpeza de edifícios em escritórios, hotéis e estabelecimentos",5,"Serviços, vendedores do comércio e mercados"
5152,90199.97741331,190,-0.5854128,55.915835945568894,32.33222819992046,2.7539009626603215,8.998034891850313,8.831618109005117,pre,Governantas e mordomos domésticos,5,"Serviços, vendedores do comércio e mercados"
7515,111606.09544876,210,-0.6002406499999999,46.69684580160808,49.315574025848335,1.4154234691381282,2.572156703405452,0.8634961442954797,pre,Trabalhadores da degustação e classificação de alimentos e bebidas,7,"Operários, artesãos da construção e ofícios mecânicos"
5120,8271890.82746275,19353,-0.6031165999999999,68.1011061465157,20.55686385296053,3.3637670309733303,7.978262969550428,9.971435223879325,pre,Cozinheiros,5,"Serviços, vendedores do comércio e mercados"
8343,378702.78699811,711,-0.6038050800000001,75.08492935344636,21.256418140941985,1.3208330266949662,2.3378194789166895,4.663347614676887,pre,"Operadores de guindastes, gruas, aparatos de elevação e afins",8,Operadores de instalações e máquinas e montadores
5329,288526.19422117,598,-0.607479575,45.90097074847755,47.61802623981772,2.3250753584538644,4.15592765325087,2.7909385669592113,pre,Trabalhadores de cuidados pessoais nos serviços de saúde não classificados anteriormente,5,"Serviços, vendedores do comércio e mercados"
5132,1143930.06948655,2519,-0.6159883,74.62675293527802,11.047099724532492,5.105273762632237,9.220873577557255,16.624332731106524,pre,atendentes de bar,5,"Serviços, vendedores do comércio e mercados"
7422,1277193.85973964,2484,-0.6197831857142857,50.111599047608955,42.384506853069475,4.136368734684545,3.367525364637023,8.069596794836352,pre,Instaladores e reparadores em tecnologias da informação e comunicações,7,"Operários, artesãos da construção e ofícios mecânicos"
8344,1338863.76861723,2273,-0.62603275,74.46329856728352,21.349963906206646,2.049432873518212,2.1373046529916357,2.0754870001819246,pre,Operadores de empilhadeiras,8,Operadores de instalações e máquinas e montadores
8322,10106845.37378165,20894,-0.6330631600000001,78.64600894943553,14.326399073684653,3.2769651976658043,3.750626779214019,14.019062384690002,pre,"Condutores de automóveis, taxis e caminhonetes",8,Operadores de instalações e máquinas e montadores
9411,647350.25216146,1401,-0.6532827,43.380050525139936,45.83429737929868,5.068405978869766,5.717246116691611,11.27607605833141,pre,Preparadores de comidas rápidas,9,Ocupações elementares
8311,49193.53498767,96,-0.6536364000000001,77.00683468404269,22.272829008607182,0.7203363073501277,0.0,0.0,pre,Maquinistas de locomotivas,8,Operadores de instalações e máquinas e montadores
7513,458525.27331338,1571,-0.65851275,56.71185948176858,31.396842030952634,1.8433612756438609,10.047937211634931,8.359357307508432,pre,Trabalhadores da pasteurização do leite e fabricação de laticínios e afins,7,"Operários, artesãos da construção e ofícios mecânicos"
7532,285492.28419709,591,-0.6846808333333334,41.3545277902514,46.686990507430146,1.8380779701126864,10.120403732205768,8.19660567890228,pre,Trabalhadores qualificados da preparação da confecção de roupas,7,"Operários, artesãos da construção e ofícios mecânicos"
3258,110347.50061484,222,-0.6863446,70.50979173199721,26.91076393074342,2.254749602572329,0.32469473468703086,6.6145404913228285,pre,Ajudantes de ambulâncias,3,Técnicos e profissionais de nível médio
5321,373493.82146828,729,-0.7002931,44.109125190452595,45.73909358181751,3.138107229768995,7.01367399796091,7.001724748167422,pre,Trabalhadores de cuidados pessoais em instituições,5,"Serviços, vendedores do comércio e mercados"
7322,446493.92507412,768,-0.7093881,62.157080144900156,32.2791850115358,3.4145877132557443,2.149147130308296,9.019631517946928,pre,Impressores,7,"Operários, artesãos da construção e ofícios mecânicos"
7544,190852.88752925,451,-0.7217393333333333,59.93197739820669,34.924482225498345,2.7169777215807245,2.4265626547142443,9.707747966827302,pre,Fumigadores e outros controladores de pragas e ervas daninhas,7,"Operários, artesãos da construção e ofícios mecânicos"
5413,530810.82089044,1144,-0.72298215,91.63426673807666,6.851095131443126,0.8042844654069151,0.7103536650732868,2.1961783066713294,pre,Guardiões de presídios,5,"Serviços, vendedores do comércio e mercados"
8160,1434796.876156,4496,-0.7393212,48.115144558806264,39.12765968905104,2.5529649516856234,10.204230800457074,3.7792834570172347,pre,Operadores de máquinas para elaborar alimentos e produtos afins,8,Operadores de instalações e máquinas e montadores
2651,166233.53943682,290,-0.7492891,53.70991852256319,32.83526611613685,4.954429693922625,8.500385667377332,16.967930414353464,pre,Artistas plásticos,2,Profissionais das ciências e intelectuais
7412,1843588.53533302,3754,-0.7606392,70.49431823515727,22.75692642901653,2.9600888173379114,3.788666518488289,8.061133884365868,pre,Mecânicos e ajustadores eletricistas,7,"Operários, artesãos da construção e ofícios mecânicos"
9334,3101091.89425048,6388,-0.7892948,60.66980419497714,30.941384514375294,4.7303580344945715,3.6584532561529985,5.444950535185819,pre,Repositores de prateleiras,9,Ocupações elementares
7221,58986.03893755,136,-0.8046677,69.57039500677016,26.939155989233825,0.0,3.4904490039960225,8.44340432254661,pre,Ferreiros e forjadores,7,"Operários, artesãos da construção e ofícios mecânicos"
7316,70706.11988432,156,-0.80504065,56.01313919298397,31.027290625909792,3.2609095882203656,9.698660592885874,8.841373090571569,pre,"Redatores de cartazes, pintores decorativos e gravadores",7,"Operários, artesãos da construção e ofícios mecânicos"
8219,789985.10505671,1529,-0.8305441,55.856501559615054,37.88487051050626,2.5303149480106812,3.728312981868003,7.869345047080809,pre,Montadores não classificados anteriormente,8,Operadores de instalações e máquinas e montadores
5131,2674466.76597425,5285,-0.83756045,69.40484931636013,15.34693322816078,8.5453483778274,6.702869077651687,7.850352641770373,pre,Garçons,5,"Serviços, vendedores do comércio e mercados"
9623,136099.59614521,279,-0.8478883500000001,72.29816040260019,24.147824349305605,1.35517154504148,2.198843703052727,3.4531136105457185,pre,Coletores de dinheiro em máquinas automáticas de venda e leitores de medidores,9,Ocupações elementares
8154,274298.6589261,522,-0.8609312,66.5270441646207,28.55262279312208,1.7553793962546766,3.164953646002537,7.316299886186996,pre,"Operadores de máquinas de branqueamento, tingimento e limpeza de tecidos",8,Operadores de instalações e máquinas e montadores
7411,2480765.80168945,4870,-0.86192985,73.58813297314356,17.590541616843826,4.211141910455828,4.610183499556779,10.518797153845458,pre,Eletricistas de obras e afins,7,"Operários, artesãos da construção e ofícios mecânicos"
8131,242268.35734419,424,-0.8776143666666666,48.690633305782434,46.240960750614974,1.8994685487388394,3.1689373948637543,4.105066423911696,pre,Operadores de instalações e máquinas de produtos químicos,8,Operadores de instalações e máquinas e montadores
8114,130729.87779103,267,-0.903165175,44.192582345369395,48.25168562852471,4.331136455150663,3.2245955709552327,8.873229654079505,pre,"Operadores de máquinas para fabricar cimento, pedras e outros produtos minerais",8,Operadores de instalações e máquinas e montadores
7323,105689.97281436,151,-0.9062089,65.78455454465875,22.601939550018038,1.143907319325576,10.469598585997646,4.891743147671937,pre,Encadernadores e afins,7,"Operários, artesãos da construção e ofícios mecânicos"
4412,366454.53566213,705,-0.90919918,90.6888391461139,7.622797786152276,0.08783143163706923,1.6005316360967317,1.7442136359036249,pre,Trabalhadores de serviços de correios,4,Apoio administrativo
8211,610034.31942353,917,-0.91230795,45.92198297487604,47.732895245080606,3.682507191465506,2.662614588577858,3.8666767108297386,pre,Mecânicos montadores de maquinaria mecânica,8,Operadores de instalações e máquinas e montadores
8189,154295.12052027,341,-0.9161469,48.20540236394295,45.39417589789446,5.132238039420233,1.2681836987423478,2.4307533370581975,pre,Operadores de máquinas e de instalações fixas não classificados anteriormente,8,Operadores de instalações e máquinas e montadores
7223,1633702.51783507,2759,-0.9214907181818182,58.414397691491274,37.423237534603004,2.3245688903795445,1.8377958835261794,4.0527936055070075,pre,Reguladores e operadores de máquinas-ferramentas,7,"Operários, artesãos da construção e ofícios mecânicos"
9333,4342730.72520583,9107,-0.922525,61.76508692785134,27.76689593123637,5.512229592826687,4.955787548085603,7.2185089108766745,pre,Carregadores,9,Ocupações elementares
7317,511494.96148654,1351,-0.9295284,59.90802759295815,23.501429274917545,3.664816160851498,12.925726971272821,28.862132716429066,pre,"Artesãos de pedra, madeira, vime e materiais semelhantes",7,"Operários, artesãos da construção e ofícios mecânicos"
7319,345725.44848987,723,-0.9295284,57.44463435270478,26.872078648505397,3.943774478382788,11.739512520407029,12.958041626744437,pre,Artesãos não classificados anteriormente,7,"Operários, artesãos da construção e ofícios mecânicos"
7231,6468871.36623129,14178,-0.9387919600000001,80.39176290589751,14.046430876385685,2.367698427637281,3.1941077900795207,10.689099971222893,pre,Mecânicos e reparadores de veículos a motor,7,"Operários, artesãos da construção e ofícios mecânicos"
5411,196832.48457321,366,-0.9566265,75.91518814996275,18.678981002576162,4.0910361833907,1.314794664070393,2.2940571190987438,pre,Bombeiros,5,"Serviços, vendedores do comércio e mercados"
9331,161546.34516793,313,-0.9591126,46.202980346500055,36.13870269158942,10.264876541214301,7.393440420696231,27.645582034026773,pre,Condutores de veículos acionados a pedal ou a braços,9,Ocupações elementares
8153,3757199.198462,7879,-0.9639661,65.79908077737214,25.404299083529263,2.9708962034117294,5.825723935686865,8.648884392620495,pre,Operadores de máquinas de costura,8,Operadores de instalações e máquinas e montadores
8183,527516.5698919999,919,-0.978608,55.14511324483469,41.46179176208317,1.4097820056178272,1.9833129874643167,4.5044621032377785,pre,"Operadores de máquinas de embalagem, engarrafamento e etiquetagem",8,Operadores de instalações e máquinas e montadores
5246,2339537.06306656,4568,-0.9809000666666666,66.59529577063675,18.76487781812012,6.798791081572434,7.841035329670687,5.520093183981147,pre,Balconistas dos serviços de alimentação,5,"Serviços, vendedores do comércio e mercados"
9622,65020.93840096,140,-0.9836807,45.10132457698004,35.8167762257231,5.746196300602796,13.335702896694066,14.188439806433509,pre,Pessoas que realizam várias tarefas,9,Ocupações elementares
8181,330905.35032124,553,-0.9844376833333334,55.854819944862776,39.81259069248327,2.5671670408446796,1.765422321809281,1.7044469057519833,pre,Operadores de instalações de vidraria e cerâmica,8,Operadores de instalações e máquinas e montadores
7533,644523.01990273,1421,-0.9874909333333333,58.40926993574217,17.261518380042133,3.925710834654941,20.403500849560753,15.119049430854536,pre,"Costureiros, bordadeiros e afins",7,"Operários, artesãos da construção e ofícios mecânicos"
6111,14440915.87173776,58803,-0.99011088,69.39164386687925,15.222029440196073,2.182283660314605,13.20404303261007,26.793440807713928,pre,"Agricultores e trabalhadores qualificados em atividades da agricultura (exclusive hortas, viveiros e jardins)",6,"Qualificados da agropecuária, florestais, caça e pesca"
6112,3446351.38336517,10466,-0.99011088,65.81221846934746,22.99834396109462,2.70639812506377,8.483039444494146,16.354110089350282,pre,"Agricultores e trabalhadores qualificados no cultivo de hortas, viveiros e jardins",6,"Qualificados da agropecuária, florestais, caça e pesca"
6114,160886.08882748,634,-0.99011088,66.50493693592783,16.563931380122483,3.1774207708956963,13.753710913053988,20.709606894480412,pre,Agricultores e trabalhadores qualificados de cultivos mistos,6,"Qualificados da agropecuária, florestais, caça e pesca"
6121,7483299.5899628,37130,-0.99011088,76.26799409351742,14.516925913224046,1.1230032575650422,8.092076735693496,15.899882359375637,pre,Criadores de gado e trabalhadores qualificados da criação de gado,6,"Qualificados da agropecuária, florestais, caça e pesca"
6122,736725.27809882,3105,-0.99011088,64.97265592257163,18.40349375341293,2.2408539269154018,14.382996397100037,16.09538476381714,pre,Avicultores e trabalhadores qualificados da avicultura,6,"Qualificados da agropecuária, florestais, caça e pesca"
6123,96116.66458878,399,-0.99011088,68.43961494347724,19.110462457775537,1.9365889734912096,10.513333625256008,30.67555672937346,pre,"Apicultores, sericicultores e trabalhadores qualificados da apicultura e sericicultura",6,"Qualificados da agropecuária, florestais, caça e pesca"
6130,62924.84083069,276,-0.99011088,68.99798200539851,19.90021723356442,1.0216446861221113,10.080156074914964,8.19793768196111,pre,Produtores e trabalhadores qualificados de exploração agropecuária mista,6,"Qualificados da agropecuária, florestais, caça e pesca"
7318,1424065.2182247,3352,-0.990912,55.94221608143221,19.85098925079142,3.008846661798723,21.197948005977647,20.16929435201075,pre,"Artesãos de tecidos, couros e materiais semelhantes",7,"Operários, artesãos da construção e ofícios mecânicos"
7536,716993.01886228,1272,-0.990912,60.48817471371153,29.97683220937521,4.166006834891492,5.36898624202177,7.430412631438606,pre,Sapateiros e afins,7,"Operários, artesãos da construção e ofícios mecânicos"
7213,2410179.16172589,4763,-0.9982130999999999,78.62917604435592,14.963903529935067,3.304965213031956,3.101955212677055,13.95661437354161,pre,Chapistas e caldeireiros,7,"Operários, artesãos da construção e ofícios mecânicos"
8171,90752.59374241,206,-1.00796475,66.62111847124538,29.175726856374983,2.6449528546743335,1.5582018177053119,4.8088994043953885,pre,Operadores de instalações para a preparação de pasta de papel e papel,8,Operadores de instalações e máquinas e montadores
7224,112025.16178803,193,-1.0137239,55.78224878706428,26.66388359540922,7.9040138476073425,9.649853769919153,8.31530461574664,pre,Polidores de metais e afiadores de ferramentas,7,"Operários, artesãos da construção e ofícios mecânicos"
8142,847944.18976898,1304,-1.0172957166666667,63.19945889123348,32.11597315063243,1.9951814966699153,2.6893864614641863,2.5708663452053506,pre,Operadores de máquinas para fabricar produtos de material plástico,8,Operadores de instalações e máquinas e montadores
8350,240504.31152673,747,-1.0185598,67.95199235794243,24.8115001107095,2.9468296183475857,4.2896779130004905,8.294352348654302,pre,Marinheiros de coberta e afins,8,Operadores de instalações e máquinas e montadores
8156,641632.45439707,1102,-1.029855,62.08080373053336,31.510472113602827,2.7655455203547206,3.643178635509086,6.705001836099683,pre,Operadores de máquinas para fabricação de calçados e afins,8,Operadores de instalações e máquinas e montadores
7233,2878866.76399145,5660,-1.0474146222222223,70.62522993144049,24.33107036368667,2.245699440885712,2.798000263987136,5.096525105677277,pre,Mecânicos e reparadores de máquinas agrícolas e industriais,7,"Operários, artesãos da construção e ofícios mecânicos"
8157,91594.13119829,198,-1.054399,37.25728260919522,53.35914581350105,5.417548145281273,3.9660234320224466,2.5836230759651078,pre,"Operadores de máquinas de lavar, tingir e passar roupas",8,Operadores de instalações e máquinas e montadores
8122,253690.5388045,415,-1.0544012,53.62136620572142,41.36122921708601,2.0348272683998805,2.9825773087926724,4.793022399497023,pre,"Operadores de máquinas polidoras, galvanizadoras e recobridoras de metais",8,Operadores de instalações e máquinas e montadores
7314,481520.025813,1175,-1.0564682,55.88996613137951,31.78272202599559,3.0819864220494297,9.245325420575465,10.332828760445746,pre,Ceramistas e afins (preparação e fabricação),7,"Operários, artesãos da construção e ofícios mecânicos"
9215,1204582.23190049,4622,-1.064205,56.67115649835341,22.066495174372967,4.02414907992309,17.23819924735053,12.007512328025848,pre,Trabalhadores florestais elementares,9,Ocupações elementares
8341,1735880.01534651,5695,-1.074429,73.01242604666712,21.780859230325124,2.511600360324949,2.695114362682817,4.66268996354297,pre,Operadores de máquinas agrícolas e florestais móveis,8,Operadores de instalações e máquinas e montadores
7522,1853772.82739701,3765,-1.0777499750000001,76.59142280827396,17.650505769783305,2.224838860776989,3.5332325611657627,14.016116858145297,pre,Marceneiros e afins,7,"Operários, artesãos da construção e ofícios mecânicos"
8113,144452.44768992,294,-1.0787772833333333,55.44285388272851,40.9328650862398,1.3751656150455096,2.249115415986179,6.5884769454037855,pre,Perfuradores e sondadores de poços e afins,8,Operadores de instalações e máquinas e montadores
6210,331318.00030994,1154,-1.08520835,39.62478052394124,48.889206918156646,4.513464188948273,6.972548368953838,13.195794797477511,pre,Trabalhadores florestais qualificados e afins,6,"Qualificados da agropecuária, florestais, caça e pesca"
6221,73911.65439796,326,-1.08520835,64.8352881324497,22.541332191566422,0.6240126414387134,11.999367034545159,24.00833835619384,pre,Trabalhadores da aquicultura,6,"Qualificados da agropecuária, florestais, caça e pesca"
6225,1872257.67440357,7563,-1.08520835,68.30340241252483,12.22961344206604,2.6386419690767053,16.828342176332427,31.969929702299563,pre,Pescadores,6,"Qualificados da agropecuária, florestais, caça e pesca"
8342,1344891.7959039,3209,-1.0894519599999999,76.89863377615816,17.643519839820794,2.8218941305357967,2.6359522534852378,6.85953059313721,pre,Operadores de máquinas de movimentação de terras e afins,8,Operadores de instalações e máquinas e montadores
8112,65744.83586783,173,-1.0926805000000002,58.39255875481597,35.17884096441373,3.487581047358612,2.941019233411675,0.4254784460730266,pre,Operadores de instalações de processamento de minerais e rochas,8,Operadores de instalações e máquinas e montadores
8143,201210.43403551,389,-1.09273125,56.79176825996597,35.726758005063175,4.106380779827898,3.3750929551429514,2.1952472211651206,pre,Operadores de máquinas para fabricar produtos de papel,8,Operadores de instalações e máquinas e montadores
7212,1553874.41727124,2905,-1.1000035000000001,77.02427028235132,17.057758180343633,3.090439889157001,2.8275316481480415,7.038981486247268,pre,Soldadores e oxicortadores,7,"Operários, artesãos da construção e ofícios mecânicos"
9212,3030166.94267904,13434,-1.108432,53.93096529180138,28.43538516011287,5.492086801462526,12.14156274662323,7.325629420900004,pre,Trabalhadores elementares da pecuária,9,Ocupações elementares
9621,889861.54674876,1893,-1.1155637999999999,45.19255625803395,45.1668949227057,5.62719777358559,4.013351045674761,8.03338692118574,pre,"Mensageiros, carregadores de bagagens e entregadores de encomendas",9,Ocupações elementares
8121,609115.8645624,919,-1.1185306000000002,49.260535034860474,44.60514214251285,2.3359996620047245,3.7983231606219525,2.6013040297168795,pre,Operadores de instalações de processamento de metais,8,Operadores de instalações e máquinas e montadores
7523,328212.17145263,794,-1.130357,42.91825760668227,47.94915491345005,5.411144920092741,3.7214425597749297,3.2628002224017583,pre,Operadores de máquinas de lavrar madeira,7,"Operários, artesãos da construção e ofícios mecânicos"
7119,748916.13524005,2009,-1.1643864000000002,48.99243974616817,34.95838175729591,6.391918515961456,9.657259980574466,13.208696550524698,pre,Outros trabalhadores qualificados e operários da construção não classificados anteriormente,7,"Operários, artesãos da construção e ofícios mecânicos"
8172,501407.21138246,1439,-1.165031,49.39937337672388,42.25444589541635,2.7310617409465485,5.615118986913221,6.6896122038005315,pre,Operadores de instalações para processamento de madeira,8,Operadores de instalações e máquinas e montadores
3135,67220.84015657,116,-1.167465,44.64907672937596,54.15363377765699,0.6352448284345512,0.5620446645324879,0.0,pre,Controladores de processos de produção de metais,3,Técnicos e profissionais de nível médio
7511,2514663.07190949,5649,-1.16753735,68.31316111329417,24.610610759394525,3.03906892931636,4.03715919799494,5.323985613444618,pre,Magarefes e afins,7,"Operários, artesãos da construção e ofícios mecânicos"
8141,811292.62595245,1762,-1.16763692,72.31859551738245,23.037667738692285,1.7157895571270338,2.9279471867982436,9.395569284143887,pre,Operadores de máquinas para fabricar produtos de borracha,8,Operadores de instalações e máquinas e montadores
7126,866721.45371197,1758,-1.1734149999999999,72.45337480066662,17.89102853124923,5.187720555395055,4.4678761126890905,8.584302646102339,pre,Bombeiros e encanadores,7,"Operários, artesãos da construção e ofícios mecânicos"
7516,46983.72417306,140,-1.1988423333333333,54.04656220756831,23.779012856921998,9.375596803410863,12.798828132098844,12.778895239639349,pre,Trabalhadores qualificados da preparação do fumo e seus produtos,7,"Operários, artesãos da construção e ofícios mecânicos"
9129,119185.45925625,257,-1.210591,48.933344831213496,40.813745771702706,6.106577889481429,4.1463315076023735,3.2110224387615585,pre,Outros trabalhadores de limpeza,9,Ocupações elementares
8152,278676.83760088,581,-1.241662,56.50798524155471,31.40035583070488,3.377579739407138,8.714079188333272,2.536781696637247,pre,Operadores de teares e outras máquinas de tecelagem,8,Operadores de instalações e máquinas e montadores
8111,43725.00860414,111,-1.2652588714285713,52.86095141772722,35.107353661028725,7.086775637543703,4.9449192837003535,3.9025617539578827,pre,Mineiros e operadores de máquinas e de instalações em minas e pedreiras,8,Operadores de instalações e máquinas e montadores
9612,1508634.50705767,3034,-1.283373,72.90357853332988,13.41519804960473,4.8358333612822095,8.845390055783191,19.67530233993602,pre,Classificadores de resíduos,9,Ocupações elementares
7132,993259.40438666,1902,-1.284442,79.90895655690245,13.1153418653061,3.0774252364397303,3.8982763413517163,8.226648401701476,pre,Lustradores,7,"Operários, artesãos da construção e ofícios mecânicos"
9216,169845.46952267,563,-1.3108405,42.8639782453982,38.35560468685932,5.377266625301137,13.403150442441337,13.190786251689692,pre,Trabalhadores elementares da pesca e aquicultura,9,Ocupações elementares
7534,423514.64149765,888,-1.313735,71.59773258814553,20.90839589277946,4.803218220613963,2.690653298461051,11.063696256126697,pre,"Tapeceiros, colchoeiros e afins",7,"Operários, artesãos da construção e ofícios mecânicos"
7115,1099998.38310417,2674,-1.323631,72.16976267744494,15.871694883281377,5.503788195121819,6.454754244151857,11.746043326631415,pre,Carpinteiros,7,"Operários, artesãos da construção e ofícios mecânicos"
9312,164965.68653567001,397,-1.339075,58.420221102985614,30.418291489985215,5.17959212528593,5.981895281743243,4.230813982584117,pre,"Trabalhadores elementares de obras públicas e da manutenção de estradas, represas e similares",9,Ocupações elementares
7113,378208.60379452,801,-1.3487447,72.26879083249207,22.671332402040033,2.490800225280121,2.569076540187777,11.315769647936621,pre,"Canteiros, cortadores e gravadores de pedras",7,"Operários, artesãos da construção e ofícios mecânicos"
9213,136347.56926304,664,-1.3548905,53.01801787806573,36.331127411059974,0.7662388377736895,9.88461587310061,8.951000548844494,pre,Trabalhadores elementares da agropecuária,9,Ocupações elementares
9329,3861581.99448687,7345,-1.3622159999999999,46.39533276023711,45.5382141445636,3.7936434679429727,4.272809627256314,4.186896851160786,pre,Trabalhadores elementares da indústria de transformação não classificados anteriormente,9,Ocupações elementares
7535,57847.07457218,120,-1.370968,70.75339166486646,23.464904657722943,1.6071663655627264,4.174537311847874,6.806008750059724,pre,Trabalhadores qualificados do tratamento de couros e peles,7,"Operários, artesãos da construção e ofícios mecânicos"
7125,408431.34450498,772,-1.388901,69.16517046920391,23.732102815375878,2.995263496290397,4.107463219129813,9.75844507415807,pre,Vidraceiros,7,"Operários, artesãos da construção e ofícios mecânicos"
8151,101399.06854998,232,-1.392929,67.43396457746532,26.316875380469696,0.1586003271165624,6.090559714948418,6.8872105595768565,pre,"Operadores de máquinas de preparação de fibras, fiação e bobinamento de fios",8,Operadores de instalações e máquinas e montadores
5153,4365656.60455937,8724,-1.436201,78.63255377874246,16.654327590789848,2.1760880458481906,2.537030584619503,3.495842875823193,pre,Porteiros e zeladores,5,"Serviços, vendedores do comércio e mercados"
7211,143284.35694407,236,-1.443244,58.855638027881085,37.442176410169665,1.711194848333771,1.9909907136154668,1.3256606363776455,pre,Moldadores de metal e macheiros,7,"Operários, artesãos da construção e ofícios mecânicos"
7124,59678.99801902,132,-1.4436935000000002,50.51661482887073,30.527743816198534,4.670182237390574,14.285459117540157,21.40731352256417,pre,Instaladores de material isolante térmico e acústico,7,"Operários, artesãos da construção e ofícios mecânicos"
7122,437220.84028289,806,-1.45993825,78.46032692717803,13.054419691687519,4.410962289414454,4.07429109172001,26.902681733196825,pre,"Aplicadores de revestimentos cerâmicos, pastilhas, pedras e madeiras",7,"Operários, artesãos da construção e ofícios mecânicos"
9111,24333903.11956514,59784,-1.480657,76.22043840346234,7.843563233403909,4.942167633374429,10.993830729759333,10.025761726351634,pre,Trabalhadores dos serviços domésticos em geral,9,Ocupações elementares
7112,15764066.93976134,35333,-1.4959015,70.79523323048025,17.758574546782175,5.823698017023079,5.622494205714502,22.659834785775075,pre,Pedreiros,7,"Operários, artesãos da construção e ofícios mecânicos"
7114,70843.39991518,168,-1.5120674666666667,45.47190319408764,42.136241036406204,4.768463358726169,7.623392410779989,9.178963792821644,pre,Trabalhadores em cimento e concreto armado,7,"Operários, artesãos da construção e ofícios mecânicos"
9321,1039139.55301663,2041,-1.51362,54.470820816799105,35.66228226926446,5.238543453996117,4.628353459940312,4.85451733299708,pre,empacotadores manuais,9,Ocupações elementares
9112,13821136.5558493,31954,-1.515585,77.10292785484872,15.511196597937488,2.8626088399618435,4.523266707251966,5.067385884680558,pre,"Trabalhadores de limpeza de interior de edifícios, escritórios, hotéis e outros estabelecimentos",9,Ocupações elementares
9311,182351.99336174,629,-1.543154,62.8869308599473,23.122600201663257,4.293503861639553,9.696965076749889,5.02232120428065,pre,Trabalhadores elementares de minas e pedreiras,9,Ocupações elementares
9211,7759103.36639859,26263,-1.601349,53.557506822200466,24.127542835374996,6.790036861491469,15.524913480933062,11.171521479400926,pre,Trabalhadores elementares da agricultura,9,Ocupações elementares
7214,585948.29544133,1149,-1.6091229999999999,69.45094853085284,20.264822101938176,5.986764133073122,4.29746523413586,7.679700944633813,pre,Montadores de estruturas metálicas,7,"Operários, artesãos da construção e ofícios mecânicos"
9122,1440161.56076323,2961,-1.629897,70.13892503639137,18.576738703173916,6.098381468823597,5.185954791611117,18.241295903554928,pre,Lavadores de veículos,9,Ocupações elementares
9412,3799564.6881285,7354,-1.630702,59.16433721946408,28.211358334407173,4.8457899751161895,7.778514471012555,5.8927825630913455,pre,Ajudantes de cozinha,9,Ocupações elementares
7123,695504.74019485,1296,-1.6481109999999999,82.36229800889832,8.83198679586595,5.4059439348616065,3.399771260374114,25.533707937778544,pre,Gesseiros,7,"Operários, artesãos da construção e ofícios mecânicos"
7131,3713859.17112026,7349,-1.6577600000000001,73.40813546356173,12.879576651890687,7.89341451370705,5.818873370840535,19.936518514602103,pre,Pintores e empapeladores,7,"Operários, artesãos da construção e ofícios mecânicos"
9214,393260.34104889,872,-1.712821,54.72642987611452,36.69885071356623,2.2442238434070743,6.3304955669121625,10.49464224577767,pre,Trabalhadores elementares da jardinagem e horticultura,9,Ocupações elementares
9313,9120844.46617509,20456,-1.7313417142857144,52.77249130418531,26.122822588152484,12.066732808939026,9.037953298723176,16.05839487872877,pre,Trabalhadores elementares da construção de edifícios,9,Ocupações elementares
7121,143402.27447359,250,-1.752941,78.3722113122565,16.810921389945314,1.319944329804396,3.4969229679938088,17.127947604951675,pre,Telhadores,7,"Operários, artesãos da construção e ofícios mecânicos"
3421,120427.32585202,203,-1.814336,57.35363183262771,15.010865613948601,17.240529575202697,10.394972978220991,12.013619360834012,pre,Atletas e esportistas,3,Técnicos e profissionais de nível médio
9121,331150.11008919,704,-1.950063,64.48030516977197,20.805511152383062,4.279690807008277,10.434492870836685,6.130705440152327,pre,Lavadeiros de roupas e passadeiros manuais,9,Ocupações elementares
